-- MySQL dump 10.13  Distrib 8.0.42, for Win64 (x86_64)
--
-- Host: localhost    Database: trip_dummy
-- ------------------------------------------------------
-- Server version	8.0.42

/*!40101 SET @OLD_CHARACTER_SET_CLIENT=@@CHARACTER_SET_CLIENT */;
/*!40101 SET @OLD_CHARACTER_SET_RESULTS=@@CHARACTER_SET_RESULTS */;
/*!40101 SET @OLD_COLLATION_CONNECTION=@@COLLATION_CONNECTION */;
/*!50503 SET NAMES utf8mb4 */;
/*!40103 SET @OLD_TIME_ZONE=@@TIME_ZONE */;
/*!40103 SET TIME_ZONE='+00:00' */;
/*!40014 SET @OLD_UNIQUE_CHECKS=@@UNIQUE_CHECKS, UNIQUE_CHECKS=0 */;
/*!40014 SET @OLD_FOREIGN_KEY_CHECKS=@@FOREIGN_KEY_CHECKS, FOREIGN_KEY_CHECKS=0 */;
/*!40101 SET @OLD_SQL_MODE=@@SQL_MODE, SQL_MODE='NO_AUTO_VALUE_ON_ZERO' */;
/*!40111 SET @OLD_SQL_NOTES=@@SQL_NOTES, SQL_NOTES=0 */;

--
-- Table structure for table `attraction_features`
--

DROP TABLE IF EXISTS `attraction_features`;
/*!40101 SET @saved_cs_client     = @@character_set_client */;
/*!50503 SET character_set_client = utf8mb4 */;
CREATE TABLE `attraction_features` (
  `id` int NOT NULL,
  `attraction_id` int NOT NULL COMMENT '관광지 번호',
  `feature_id` int DEFAULT NULL,
  `vote` int DEFAULT NULL,
  `score` decimal(3,2) NOT NULL DEFAULT '0.00',
  PRIMARY KEY (`id`),
  KEY `idx_attraction_no` (`attraction_id`),
  KEY `fk_attraction_features_attraction` (`feature_id`),
  CONSTRAINT `fk_attraction_features_attractions` FOREIGN KEY (`attraction_id`) REFERENCES `attractions` (`id`) ON DELETE CASCADE ON UPDATE CASCADE,
  CONSTRAINT `fk_attraction_features_feature_codes` FOREIGN KEY (`feature_id`) REFERENCES `feature_codes` (`id`) ON DELETE CASCADE ON UPDATE CASCADE
) ENGINE=InnoDB DEFAULT CHARSET=utf8mb4 COLLATE=utf8mb4_0900_ai_ci;
/*!40101 SET character_set_client = @saved_cs_client */;

--
-- Dumping data for table `attraction_features`
--

LOCK TABLES `attraction_features` WRITE;
/*!40000 ALTER TABLE `attraction_features` DISABLE KEYS */;
INSERT INTO `attraction_features` VALUES (1,2,1,44,0.28),(2,2,6,25,0.16),(3,2,2,24,0.15),(4,2,9,12,0.08),(5,2,5,11,0.07),(6,2,7,9,0.06),(7,2,15,9,0.06),(8,2,16,6,0.04),(9,2,11,4,0.03),(10,2,3,4,0.03),(11,2,17,2,0.01),(12,2,18,2,0.01),(13,2,4,2,0.01),(14,2,8,1,0.01),(15,2,12,1,0.01),(16,2,19,1,0.01),(17,2,20,1,0.01),(18,2,14,1,0.01),(19,1,13,401,0.24),(20,1,23,292,0.17),(21,1,18,177,0.11),(22,1,24,153,0.09),(23,1,25,126,0.08),(24,1,11,108,0.06),(25,1,15,88,0.05),(26,1,26,87,0.05),(27,1,27,75,0.04),(28,1,28,72,0.04),(29,1,29,25,0.02),(30,1,30,13,0.01),(31,1,17,13,0.01),(32,1,31,11,0.01),(33,1,12,10,0.01),(34,1,32,10,0.01),(35,1,2,7,0.00),(36,1,33,1,0.00),(37,1,34,1,0.00),(38,8,12,198,0.20),(39,8,11,173,0.17),(40,8,18,118,0.12),(41,8,86,111,0.11),(42,8,82,101,0.10),(43,8,100,64,0.06),(44,8,105,46,0.05),(45,8,103,37,0.04),(46,8,85,33,0.03),(47,8,101,32,0.03),(48,8,21,16,0.02),(49,8,6,15,0.02),(50,8,112,12,0.01),(51,8,35,10,0.01),(52,8,19,4,0.00),(53,8,39,4,0.00),(54,8,20,4,0.00),(55,8,124,4,0.00),(56,8,5,3,0.00),(57,8,106,2,0.00),(58,8,104,2,0.00),(59,8,83,1,0.00),(60,8,107,1,0.00),(61,8,122,1,0.00),(62,5,6,220,0.27),(63,5,5,163,0.20),(64,5,7,98,0.12),(65,5,8,96,0.12),(66,5,1,95,0.11),(67,5,4,50,0.06),(68,5,2,30,0.04),(69,5,9,22,0.03),(70,5,20,10,0.01),(71,5,21,8,0.01),(72,5,12,6,0.01),(73,5,11,6,0.01),(74,5,22,5,0.01),(75,5,19,5,0.01),(76,5,16,4,0.00),(77,5,17,4,0.00),(78,5,88,3,0.00),(79,5,3,1,0.00),(80,5,15,1,0.00),(81,5,68,1,0.00),(82,5,72,1,0.00),(83,4,82,22,0.20),(84,4,12,19,0.18),(85,4,102,14,0.13),(86,4,11,13,0.12),(87,4,101,13,0.12),(88,4,100,7,0.06),(89,4,104,5,0.05),(90,4,108,3,0.03),(91,4,6,3,0.03),(92,4,106,2,0.02),(93,4,5,2,0.02),(94,4,19,1,0.01),(95,4,109,1,0.01),(96,4,107,1,0.01),(97,4,111,1,0.01),(98,4,110,1,0.01),(99,10,23,604,0.14),(100,10,125,525,0.12),(101,10,126,487,0.11),(102,10,18,466,0.11),(103,10,32,434,0.10),(104,10,26,400,0.09),(105,10,11,293,0.07),(106,10,15,277,0.06),(107,10,13,275,0.06),(108,10,161,228,0.05),(109,10,19,134,0.03),(110,10,162,55,0.01),(111,10,163,34,0.01),(112,10,138,29,0.01),(113,10,150,20,0.00),(114,10,139,18,0.00),(115,10,17,14,0.00),(116,10,5,7,0.00),(117,10,7,4,0.00),(118,10,3,2,0.00),(119,10,68,2,0.00),(120,10,22,1,0.00),(121,10,164,1,0.00),(122,12,48,189,0.22),(123,12,18,117,0.13),(124,12,47,108,0.12),(125,12,45,83,0.10),(126,12,74,44,0.05),(127,12,35,42,0.05),(128,12,55,41,0.05),(129,12,39,29,0.03),(130,12,44,26,0.03),(131,12,57,26,0.03),(132,12,38,25,0.03),(133,12,61,24,0.03),(134,12,5,22,0.03),(135,12,46,20,0.02),(136,12,52,15,0.02),(137,12,49,13,0.01),(138,12,19,9,0.01),(139,12,63,7,0.01),(140,12,54,6,0.01),(141,12,62,6,0.01),(142,12,48,3,0.00),(143,12,78,3,0.00),(144,12,64,3,0.00),(145,12,22,2,0.00),(146,12,77,2,0.00),(147,12,53,2,0.00),(148,12,58,1,0.00),(149,12,59,1,0.00),(150,12,51,1,0.00),(151,12,11,1,0.00),(152,12,65,1,0.00),(153,12,14,1,0.00),(154,7,35,498,0.19),(155,7,53,474,0.18),(156,7,44,251,0.10),(157,7,63,171,0.07),(158,7,5,162,0.06),(159,7,18,149,0.06),(160,7,50,143,0.06),(161,7,46,112,0.04),(162,7,45,105,0.04),(163,7,14,97,0.04),(164,7,11,78,0.03),(165,7,54,74,0.03),(166,7,6,48,0.02),(167,7,47,32,0.01),(168,7,52,30,0.01),(169,7,22,28,0.01),(170,7,39,24,0.01),(171,7,48,22,0.01),(172,7,41,17,0.01),(173,7,29,16,0.01),(174,7,64,14,0.01),(175,7,49,13,0.01),(176,7,56,5,0.00),(177,7,65,3,0.00),(178,7,38,1,0.00),(179,9,7,55,0.25),(180,9,178,34,0.16),(181,9,5,28,0.13),(182,9,11,27,0.12),(183,9,13,19,0.09),(184,9,2,15,0.07),(185,9,9,13,0.06),(186,9,19,12,0.06),(187,9,16,4,0.02),(188,9,68,4,0.02),(189,9,6,3,0.01),(190,9,149,1,0.00),(191,9,8,1,0.00),(192,9,67,1,0.00),(193,9,73,1,0.00),(194,6,5,24,0.18),(195,6,7,16,0.12),(196,6,11,12,0.09),(197,6,1,12,0.09),(198,6,6,12,0.09),(199,6,9,11,0.08),(200,6,19,7,0.05),(201,6,73,7,0.05),(202,6,145,6,0.05),(203,6,8,5,0.04),(204,6,2,5,0.04),(205,6,15,5,0.04),(206,6,21,3,0.02),(207,6,68,2,0.02),(208,6,67,1,0.01),(209,6,20,1,0.01),(210,6,13,1,0.01),(211,11,1,352,0.32),(212,11,11,158,0.14),(213,11,12,154,0.14),(214,11,5,152,0.14),(215,11,2,69,0.06),(216,11,6,59,0.05),(217,11,15,31,0.03),(218,11,3,28,0.03),(219,11,19,27,0.02),(220,11,13,21,0.02),(221,11,9,14,0.01),(222,11,16,13,0.01),(223,11,7,9,0.01),(224,11,21,4,0.00),(225,11,10,3,0.00),(226,11,14,3,0.00),(227,11,147,1,0.00),(228,11,20,1,0.00),(229,11,73,1,0.00),(230,3,1,40,0.25),(231,3,12,33,0.20),(232,3,11,27,0.17),(233,3,15,17,0.10),(234,3,6,15,0.09),(235,3,16,9,0.06),(236,3,19,5,0.03),(237,3,5,5,0.03),(238,3,21,3,0.02),(239,3,20,3,0.02),(240,3,163,2,0.01),(241,3,8,1,0.01),(242,3,2,1,0.01),(243,3,10,1,0.01),(244,79,60,1,0.00),(245,160,35,21,0.01),(246,160,46,1,0.00),(247,161,49,56,0.06),(248,194,65,8,0.03),(249,68,11,741,0.14),(250,68,42,275,0.05),(251,118,52,18,0.00),(252,69,60,1,0.00),(253,113,5,1,0.00),(254,159,75,24,0.01),(255,159,54,1,0.00),(256,45,22,3,0.00),(257,29,100,18,0.10),(258,29,86,3,0.02),(259,55,123,2,0.00),(260,101,22,5,0.01),(261,28,39,1,0.00),(262,40,110,25,0.09),(263,38,68,97,0.09),(264,156,53,6,0.00),(265,156,63,1,0.00),(266,206,48,104,0.15),(267,60,35,15,0.03),(268,122,62,7,0.00),(269,210,41,13,0.03),(270,19,67,29,0.21),(271,218,118,3,0.00),(272,153,11,372,0.06),(273,153,19,9,0.00),(274,98,76,9,0.00),(275,151,45,604,0.09),(276,151,18,465,0.07),(277,150,55,12,0.01),(278,57,21,8,0.04),(279,57,86,8,0.04),(280,57,61,1,0.01),(281,227,76,74,0.01),(282,225,74,1442,0.23),(283,225,45,165,0.03),(284,225,29,2,0.00),(285,224,64,3,0.00),(286,116,45,12,0.03),(287,116,35,7,0.02),(288,193,76,4,0.00),(289,37,12,361,0.13),(290,37,84,1,0.00),(291,223,52,23,0.00),(292,22,7,3954,0.17),(293,26,82,46,0.20),(294,36,101,51,0.10),(295,76,59,1,0.00),(296,67,41,7,0.05),(297,81,42,3,0.02),(298,148,6,153,0.07),(299,61,100,56,0.04),(300,61,124,2,0.00),(301,33,158,428,0.07),(302,185,38,4,0.00),(303,147,74,956,0.31),(304,147,57,12,0.00),(305,144,74,533,0.33),(306,144,14,23,0.01),(307,110,52,60,0.00),(308,222,6,2694,0.14),(309,222,64,57,0.00),(310,222,65,5,0.00),(311,21,19,499,0.13),(312,221,45,1135,0.04),(313,221,97,3,0.00),(314,82,18,13,0.11),(315,82,47,6,0.05),(316,66,38,4,0.04),(317,109,62,62,0.05),(318,109,14,12,0.01),(319,142,65,1,0.00),(320,53,86,61,0.10),(321,53,5,18,0.03),(322,64,89,2,0.00),(323,73,91,1,0.00),(324,63,41,42,0.07),(325,214,11,24,0.09),(326,92,19,37,0.00),(327,92,117,3,0.00),(328,181,47,210,0.06),(329,181,54,49,0.01),(330,181,59,2,0.00),(331,121,11,45,0.04),(332,212,48,83,0.23),(333,212,46,13,0.04),(334,212,35,8,0.02),(335,219,5,38,0.03),(336,140,55,4,0.00),(337,32,1,50,0.23),(338,179,35,45,0.01),(339,30,101,71,0.15),(340,30,111,20,0.04),(341,137,118,3,0.00),(342,137,19,1,0.00),(343,190,78,2,0.00),(344,190,22,1,0.00),(345,199,65,8,0.01),(346,171,117,12,0.00),(347,171,80,4,0.00),(348,136,62,211,0.14),(349,136,18,131,0.08),(350,136,66,32,0.02),(351,189,46,2,0.00),(352,104,64,3,0.00),(353,114,115,156,0.07),(354,170,64,10,0.01),(355,103,76,7,0.00),(356,132,65,8,0.00),(357,50,11,12,0.05),(358,169,19,5,0.00),(359,130,76,14,0.03),(360,129,118,35,0.01),(361,129,57,13,0.00),(362,89,18,52,0.12),(363,89,76,1,0.00),(364,88,19,4,0.00),(365,88,146,1,0.00),(366,120,39,47,0.06),(367,128,62,106,0.10),(368,208,41,25,0.04),(369,196,146,1,0.00),(370,108,6,2,0.00),(371,167,52,2,0.01),(372,49,18,19,0.15),(373,18,19,214,0.02),(374,71,116,13,0.00),(375,71,118,3,0.00),(376,102,53,1,0.00),(377,87,48,1,0.00),(378,86,119,23,0.03),(379,86,118,2,0.00),(380,195,118,3,0.00),(381,85,66,271,0.06),(382,165,48,14,0.10),(383,48,18,58,0.15),(384,48,3,3,0.01),(385,163,47,102,0.06),(386,163,62,86,0.05),(387,191,54,2,0.00),(388,125,35,84,0.12),(389,124,6,325,0.09),(390,124,61,35,0.01),(391,58,11,23,0.10),(392,70,18,24,0.08),(393,207,47,40,0.03),(394,207,118,9,0.01),(395,79,6,49,0.05),(396,79,22,6,0.01),(397,79,41,3,0.00),(398,160,11,255,0.08),(399,161,74,2,0.00),(400,118,47,696,0.03),(401,118,50,220,0.01),(402,118,55,3,0.00),(403,69,22,7,0.00),(404,16,100,100,0.09),(405,16,39,9,0.01),(406,113,47,216,0.06),(407,113,49,19,0.01),(408,113,52,14,0.00),(409,211,35,205,0.05),(410,211,64,26,0.01),(411,159,118,1,0.00),(412,188,75,9,0.02),(413,188,78,1,0.00),(414,55,19,26,0.01),(415,101,46,121,0.13),(416,101,57,1,0.00),(417,28,110,116,0.07),(418,54,64,1,0.00),(419,155,18,30,0.06),(420,100,19,4,0.00),(421,100,115,1,0.00),(422,14,73,6,0.04),(423,187,39,29,0.01),(424,187,50,18,0.01),(425,107,80,5,0.01),(426,107,19,1,0.00),(427,218,14,11,0.01),(428,153,76,29,0.00),(429,98,66,30,0.01),(430,52,85,6,0.06),(431,52,11,2,0.02),(432,152,47,22,0.06),(433,151,64,1,0.00),(434,149,65,21,0.02),(435,227,41,246,0.05),(436,227,118,55,0.01),(437,227,14,19,0.00),(438,227,22,3,0.00),(439,226,118,223,0.00),(440,225,18,675,0.11),(441,97,18,74,0.09),(442,116,74,117,0.29),(443,193,54,1,0.00),(444,223,57,5,0.00),(445,26,101,20,0.09),(446,186,47,4,0.03),(447,83,23,28,0.03),(448,75,39,127,0.23),(449,74,42,6,0.05),(450,34,6,35,0.16),(451,33,11,333,0.06),(452,96,49,2,0.00),(453,147,65,8,0.00),(454,145,61,119,0.08),(455,145,11,79,0.05),(456,145,64,6,0.00),(457,95,45,184,0.07),(458,95,38,4,0.00),(459,95,57,1,0.00),(460,56,6,137,0.14),(461,56,107,1,0.00),(462,144,64,1,0.00),(463,184,18,1592,0.10),(464,184,81,2,0.00),(465,209,74,264,0.37),(466,110,18,1003,0.05),(467,110,6,80,0.00),(468,222,51,125,0.01),(469,21,17,47,0.01),(470,221,99,43,0.00),(471,221,29,7,0.00),(472,183,3,4,0.00),(473,202,18,183,0.09),(474,202,45,116,0.06),(475,39,12,9,0.07),(476,109,74,285,0.24),(477,53,82,110,0.18),(478,93,74,178,0.33),(479,93,11,1,0.00),(480,62,23,1,0.00),(481,92,52,427,0.02),(482,112,76,8,0.00),(483,112,11,6,0.00),(484,112,66,6,0.00),(485,112,115,1,0.00),(486,181,46,291,0.08),(487,181,74,4,0.00),(488,181,41,1,0.00),(489,201,65,1,0.00),(490,212,49,8,0.02),(491,219,59,13,0.01),(492,141,47,702,0.07),(493,141,39,665,0.07),(494,141,65,26,0.00),(495,217,39,212,0.12),(496,217,18,179,0.10),(497,91,11,165,0.07),(498,91,45,98,0.04),(499,140,66,22,0.01),(500,200,11,35,0.09),(501,200,55,3,0.01),(502,32,14,2,0.01),(503,32,3,1,0.00),(504,180,6,34,0.01),(505,31,148,112,0.15),(506,177,62,112,0.04),(507,177,97,2,0.00),(508,30,103,19,0.04),(509,30,19,4,0.01),(510,174,18,104,0.16),(511,173,18,28,0.12),(512,173,14,3,0.01),(513,42,12,95,0.07),(514,137,77,11,0.01),(515,24,9,10,0.06),(516,190,61,357,0.11),(517,136,45,55,0.04),(518,135,18,42,0.14),(519,135,39,13,0.04),(520,134,35,2,0.01),(521,114,29,1,0.00),(522,170,11,25,0.02),(523,170,51,18,0.01),(524,170,119,11,0.01),(525,103,39,208,0.06),(526,50,86,37,0.16),(527,50,113,5,0.02),(528,215,14,7,0.00),(529,169,52,6,0.00),(530,131,76,1,0.00),(531,130,39,27,0.05),(532,130,47,9,0.02),(533,198,14,38,0.02),(534,198,115,1,0.00),(535,197,119,1,0.00),(536,129,115,142,0.05),(537,129,75,6,0.00),(538,89,6,1,0.00),(539,88,52,15,0.00),(540,115,49,3,0.00),(541,128,48,1,0.00),(542,168,41,4,0.03),(543,119,19,2,0.00),(544,119,76,1,0.00),(545,196,118,11,0.00),(546,196,116,10,0.00),(547,196,78,2,0.00),(548,108,18,134,0.17),(549,108,75,7,0.01),(550,71,64,30,0.00),(551,87,11,6,0.00),(552,127,77,5,0.01),(553,127,55,2,0.00),(554,48,5,16,0.04),(555,164,55,5,0.02),(556,164,76,1,0.00),(557,163,39,64,0.04),(558,163,14,14,0.01),(559,191,39,21,0.01),(560,125,6,35,0.05),(561,125,45,12,0.02),(562,47,84,2,0.00),(563,124,49,167,0.04),(564,58,86,14,0.06),(565,207,39,34,0.03),(566,17,104,64,0.08),(567,17,86,1,0.00),(568,84,36,19,0.13),(569,78,36,19,0.13),(570,84,36,19,0.13),(571,78,36,19,0.13),(572,160,47,207,0.06),(573,194,18,35,0.13),(574,118,39,232,0.01),(575,118,65,12,0.00),(576,16,110,11,0.01),(577,113,29,3,0.00),(578,159,45,123,0.03),(579,158,47,42,0.03),(580,158,77,1,0.00),(581,45,35,77,0.04),(582,29,101,17,0.10),(583,29,106,1,0.01),(584,101,51,1,0.00),(585,40,5,10,0.04),(586,54,86,9,0.04),(587,157,50,41,0.03),(588,156,35,156,0.06),(589,205,71,1023,0.11),(590,155,52,2,0.00),(591,155,63,1,0.00),(592,60,16,1,0.00),(593,122,11,229,0.08),(594,122,29,5,0.00),(595,27,15,161,0.05),(596,187,38,4,0.00),(597,187,63,2,0.00),(598,154,46,253,0.08),(599,154,19,44,0.01),(600,117,53,15,0.00),(601,106,54,3,0.00),(602,99,54,3,0.00),(603,106,54,3,0.00),(604,99,54,3,0.00),(605,153,64,2,0.00),(606,98,61,495,0.09),(607,152,77,1,0.00),(608,151,51,22,0.00),(609,227,47,460,0.09),(610,227,61,208,0.04),(611,227,66,58,0.01),(612,227,57,47,0.01),(613,227,77,15,0.00),(614,226,54,85,0.00),(615,193,115,2,0.00),(616,37,110,16,0.01),(617,23,9,106,0.00),(618,22,9,106,0.00),(619,22,20,77,0.00),(620,59,86,31,0.10),(621,26,100,28,0.12),(622,26,107,2,0.01),(623,105,39,113,0.04),(624,35,109,6,0.02),(625,75,18,94,0.17),(626,75,90,1,0.00),(627,148,57,1,0.00),(628,185,39,65,0.05),(629,147,11,43,0.01),(630,146,3,2,0.00),(631,145,74,376,0.25),(632,95,14,88,0.04),(633,203,3,4,0.00),(634,184,76,243,0.02),(635,184,50,3,0.00),(636,184,78,1,0.00),(637,209,61,94,0.13),(638,110,118,109,0.01),(639,222,39,80,0.00),(640,222,77,3,0.00),(641,221,65,147,0.01),(642,183,18,555,0.12),(643,142,14,1,0.00),(644,93,39,24,0.05),(645,80,36,41,0.17),(646,63,11,43,0.07),(647,62,18,49,0.20),(648,112,65,104,0.03),(649,112,99,3,0.00),(650,220,66,4,0.00),(651,220,6,3,0.00),(652,213,22,2,0.00),(653,212,39,17,0.05),(654,141,14,9,0.00),(655,217,77,1,0.00),(656,179,39,206,0.05),(657,179,118,12,0.00),(658,178,41,306,0.07),(659,178,19,13,0.00),(660,31,23,62,0.08),(661,177,66,169,0.06),(662,177,55,31,0.01),(663,177,75,7,0.00),(664,176,39,172,0.01),(665,176,119,59,0.00),(666,51,18,42,0.11),(667,51,6,28,0.07),(668,174,6,2,0.00),(669,173,61,20,0.08),(670,139,66,18,0.03),(671,138,41,981,0.10),(672,138,18,568,0.06),(673,138,51,1,0.00),(674,137,18,186,0.12),(675,137,11,132,0.09),(676,190,18,280,0.09),(677,136,57,8,0.01),(678,189,41,1214,0.12),(679,189,45,346,0.03),(680,104,74,1153,0.37),(681,104,62,188,0.06),(682,104,77,9,0.00),(683,170,62,105,0.06),(684,192,41,56,0.05),(685,41,109,6,0.03),(686,41,16,1,0.00),(687,41,19,1,0.00),(688,41,39,1,0.00),(689,215,62,203,0.13),(690,215,6,4,0.00),(691,169,76,73,0.03),(692,169,116,13,0.00),(693,198,47,100,0.05),(694,198,66,42,0.02),(695,197,51,1117,0.03),(696,197,76,307,0.01),(697,129,41,182,0.06),(698,129,47,154,0.05),(699,89,74,170,0.39),(700,88,115,1029,0.11),(701,120,18,37,0.05),(702,120,45,26,0.03),(703,128,45,32,0.03),(704,128,75,13,0.01),(705,128,57,13,0.01),(706,208,57,1,0.00),(707,123,47,36,0.04),(708,123,6,2,0.00),(709,49,100,10,0.08),(710,18,15,1116,0.08),(711,85,19,1,0.00),(712,48,19,1,0.00),(713,164,41,9,0.04),(714,164,35,3,0.01),(715,163,45,92,0.05),(716,163,76,1,0.00),(717,191,11,50,0.03),(718,126,66,225,0.06),(719,47,20,2,0.00),(720,124,64,47,0.01),(721,124,63,33,0.01),(722,124,58,6,0.00),(723,44,11,3,0.01),(724,17,11,56,0.07),(725,84,37,9,0.06),(726,78,37,9,0.06),(727,84,37,9,0.06),(728,78,37,9,0.06),(729,161,14,27,0.03),(730,68,88,37,0.01),(731,68,5,3,0.00),(732,15,11,105,0.15),(733,15,15,24,0.03),(734,188,62,16,0.04),(735,45,64,2,0.00),(736,29,103,2,0.01),(737,28,104,160,0.10),(738,28,6,134,0.08),(739,13,11,137,0.14),(740,13,121,1,0.00),(741,40,103,1,0.00),(742,54,6,34,0.14),(743,54,5,14,0.06),(744,156,5,45,0.02),(745,156,14,1,0.00),(746,206,64,1,0.00),(747,60,103,112,0.19),(748,60,64,1,0.00),(749,122,50,44,0.01),(750,122,41,23,0.01),(751,100,35,71,0.02),(752,14,126,16,0.12),(753,204,14,22,0.03),(754,154,29,28,0.01),(755,117,57,106,0.01),(756,107,66,14,0.02),(757,107,54,3,0.01),(758,218,66,22,0.02),(759,218,76,20,0.02),(760,218,80,3,0.00),(761,106,35,37,0.01),(762,99,35,37,0.01),(763,106,6,6,0.00),(764,99,6,6,0.00),(765,106,35,37,0.01),(766,99,35,37,0.01),(767,106,6,6,0.00),(768,99,6,6,0.00),(769,98,64,3,0.00),(770,98,81,2,0.00),(771,52,82,14,0.13),(772,152,22,1,0.00),(773,151,44,1129,0.16),(774,151,49,333,0.05),(775,151,50,194,0.03),(776,150,76,50,0.03),(777,150,19,2,0.00),(778,149,45,33,0.04),(779,227,50,1,0.00),(780,226,55,183,0.00),(781,225,6,72,0.01),(782,97,119,9,0.01),(783,193,18,148,0.10),(784,193,45,87,0.06),(785,37,105,11,0.00),(786,37,106,4,0.00),(787,223,35,1651,0.12),(788,23,6,2903,0.13),(789,59,11,2,0.01),(790,26,111,5,0.02),(791,105,119,35,0.01),(792,35,102,22,0.09),(793,76,18,71,0.12),(794,76,41,41,0.07),(795,72,39,97,0.19),(796,72,11,53,0.10),(797,75,38,92,0.16),(798,34,152,19,0.09),(799,61,112,76,0.06),(800,185,44,210,0.16),(801,185,58,12,0.01),(802,185,56,2,0.00),(803,146,41,113,0.08),(804,146,14,22,0.02),(805,203,52,89,0.01),(806,94,76,2,0.00),(807,94,6,2,0.00),(808,94,5,1,0.00),(809,184,41,1328,0.08),(810,184,55,134,0.01),(811,143,6,4,0.01),(812,110,55,30,0.00),(813,109,50,1,0.00),(814,142,6,2,0.01),(815,93,18,54,0.10),(816,93,6,1,0.00),(817,80,40,7,0.03),(818,62,40,8,0.03),(819,92,54,255,0.01),(820,92,51,8,0.00),(821,182,55,2,0.00),(822,112,64,52,0.02),(823,220,76,1,0.00),(824,201,75,7,0.01),(825,212,59,7,0.02),(826,219,14,12,0.01),(827,219,52,9,0.01),(828,219,63,2,0.00),(829,141,62,1156,0.12),(830,217,50,1,0.00),(831,91,35,14,0.01),(832,200,18,44,0.11),(833,180,45,187,0.05),(834,179,66,172,0.04),(835,31,125,74,0.10),(836,31,13,12,0.02),(837,177,35,231,0.08),(838,177,11,117,0.04),(839,177,52,7,0.00),(840,176,66,382,0.03),(841,176,50,1,0.00),(842,51,103,39,0.10),(843,51,39,2,0.01),(844,175,74,104,0.39),(845,30,108,28,0.06),(846,30,22,3,0.01),(847,174,45,14,0.02),(848,173,62,24,0.10),(849,138,61,842,0.09),(850,137,62,45,0.03),(851,137,45,20,0.01),(852,172,51,2,0.00),(853,90,49,2,0.00),(854,90,57,1,0.00),(855,190,76,4,0.00),(856,199,41,72,0.05),(857,136,74,400,0.26),(858,136,14,13,0.01),(859,135,65,6,0.02),(860,134,62,10,0.04),(861,134,65,7,0.03),(862,170,57,2,0.00),(863,215,118,9,0.01),(864,169,41,254,0.10),(865,169,11,172,0.06),(866,169,98,1,0.00),(867,130,11,34,0.07),(868,130,45,11,0.02),(869,198,62,202,0.10),(870,198,77,10,0.00),(871,197,46,27,0.00),(872,197,117,25,0.00),(873,115,74,280,0.21),(874,115,18,85,0.06),(875,115,64,2,0.00),(876,128,49,2,0.00),(877,123,75,6,0.01),(878,123,77,1,0.00),(879,168,119,2,0.01),(880,119,47,132,0.10),(881,119,22,1,0.00),(882,119,49,1,0.00),(883,108,19,1,0.00),(884,49,19,1,0.01),(885,102,74,2592,0.38),(886,102,47,349,0.05),(887,87,63,29,0.00),(888,195,61,59,0.07),(889,195,57,2,0.00),(890,85,41,235,0.05),(891,166,76,1,0.01),(892,165,39,5,0.04),(893,48,35,22,0.06),(894,163,18,187,0.11),(895,163,61,182,0.11),(896,191,41,10,0.01),(897,125,66,48,0.07),(898,125,52,1,0.00),(899,58,82,17,0.07),(900,207,62,44,0.04),(901,207,35,14,0.01),(902,44,102,5,0.02),(903,17,39,1,0.00),(904,160,39,147,0.05),(905,160,54,2,0.00),(906,162,39,254,0.08),(907,68,94,3,0.00),(908,69,42,1055,0.04),(909,113,66,133,0.04),(910,113,53,1,0.00),(911,188,39,13,0.03),(912,158,50,1,0.00),(913,45,86,83,0.04),(914,45,16,1,0.00),(915,29,102,28,0.16),(916,55,3,1,0.00),(917,46,100,2,0.01),(918,28,102,9,0.01),(919,28,16,1,0.00),(920,13,105,67,0.07),(921,13,100,45,0.05),(922,40,6,44,0.16),(923,157,39,29,0.02),(924,157,19,1,0.00),(925,205,74,322,0.03),(926,155,45,24,0.05),(927,60,6,19,0.03),(928,60,22,1,0.00),(929,122,39,79,0.03),(930,122,77,1,0.00),(931,100,74,1199,0.31),(932,187,48,566,0.23),(933,187,61,4,0.00),(934,210,80,3,0.01),(935,210,6,1,0.00),(936,154,49,15,0.00),(937,154,39,14,0.00),(938,117,18,1099,0.11),(939,107,75,3,0.01),(940,107,3,1,0.00),(941,218,75,5,0.00),(942,153,18,776,0.13),(943,153,6,14,0.00),(944,98,62,533,0.09),(945,151,48,1036,0.15),(946,151,6,501,0.07),(947,57,105,5,0.02),(948,149,18,89,0.10),(949,149,35,7,0.01),(950,227,75,23,0.00),(951,226,5,1,0.00),(952,225,62,462,0.07),(953,97,61,19,0.02),(954,97,57,5,0.01),(955,97,65,3,0.00),(956,193,41,79,0.05),(957,37,11,193,0.07),(958,23,147,61,0.00),(959,22,8,103,0.00),(960,22,73,40,0.00),(961,22,21,3,0.00),(962,26,11,6,0.03),(963,76,64,10,0.02),(964,67,90,1,0.01),(965,83,36,89,0.11),(966,25,125,25,0.09),(967,148,48,339,0.15),(968,61,114,3,0.00),(969,185,49,62,0.05),(970,185,55,2,0.00),(971,96,50,1,0.00),(972,147,66,24,0.01),(973,146,18,98,0.07),(974,146,62,43,0.03),(975,146,55,1,0.00),(976,145,6,21,0.01),(977,145,118,3,0.00),(978,95,18,179,0.07),(979,95,6,25,0.01),(980,56,35,61,0.06),(981,203,45,236,0.03),(982,144,11,61,0.04),(983,184,118,25,0.00),(984,143,39,63,0.11),(985,209,14,2,0.00),(986,209,6,1,0.00),(987,110,35,729,0.04),(988,110,3,2,0.00),(989,222,53,86,0.00),(990,21,18,72,0.02),(991,21,161,47,0.01),(992,221,52,342,0.01),(993,183,55,27,0.01),(994,183,117,21,0.00),(995,183,5,3,0.00),(996,202,75,5,0.00),(997,66,42,15,0.13),(998,142,62,20,0.09),(999,93,49,4,0.01),(1000,121,61,135,0.12),(1001,121,62,88,0.08),(1002,201,47,106,0.15),(1003,201,18,90,0.13),(1004,213,62,48,0.05),(1005,213,39,18,0.02),(1006,212,45,41,0.11),(1007,212,64,1,0.00),(1008,219,3,2,0.00),(1009,141,11,101,0.01),(1010,141,77,81,0.01),(1011,217,35,26,0.01),(1012,140,18,229,0.10),(1013,140,3,5,0.00),(1014,200,41,45,0.11),(1015,32,8,2,0.01),(1016,178,18,716,0.17),(1017,31,19,20,0.03),(1018,177,76,13,0.00),(1019,30,12,52,0.11),(1020,174,78,3,0.00),(1021,173,77,2,0.01),(1022,138,66,605,0.06),(1023,138,62,360,0.04),(1024,138,6,61,0.01),(1025,172,75,61,0.01),(1026,172,53,1,0.00),(1027,24,6,44,0.29),(1028,24,19,1,0.01),(1029,24,11,1,0.01),(1030,24,3,1,0.01),(1031,216,39,8,0.04),(1032,199,45,58,0.04),(1033,199,35,8,0.01),(1034,171,76,59,0.01),(1035,171,63,8,0.00),(1036,136,81,2,0.00),(1037,135,61,26,0.08),(1038,135,118,2,0.01),(1039,189,61,1047,0.10),(1040,189,77,7,0.00),(1041,170,65,28,0.02),(1042,41,12,36,0.16),(1043,41,82,34,0.15),(1044,215,75,64,0.04),(1045,215,41,37,0.02),(1046,169,62,268,0.10),(1047,169,39,145,0.05),(1048,169,64,1,0.00),(1049,169,81,1,0.00),(1050,131,79,2,0.00),(1051,130,75,6,0.01),(1052,130,65,3,0.01),(1053,197,75,190,0.01),(1054,197,41,146,0.00),(1055,89,118,7,0.02),(1056,120,47,34,0.04),(1057,208,74,200,0.33),(1058,208,76,3,0.00),(1059,123,45,43,0.04),(1060,123,19,3,0.00),(1061,196,61,2230,0.14),(1062,196,77,93,0.01),(1063,196,54,3,0.00),(1064,167,19,1,0.00),(1065,167,118,1,0.00),(1066,87,99,1,0.00),(1067,86,64,1,0.00),(1068,85,76,113,0.03),(1069,127,6,5,0.01),(1070,48,82,45,0.12),(1071,20,69,19,0.05),(1072,191,45,95,0.05),(1073,126,11,339,0.08),(1074,126,65,86,0.02),(1075,126,35,18,0.00),(1076,125,11,56,0.08),(1077,125,14,4,0.01),(1078,47,18,100,0.17),(1079,47,21,3,0.01),(1080,70,16,2,0.01),(1081,207,74,444,0.37),(1082,207,6,21,0.02),(1083,44,108,1,0.00),(1084,79,51,14,0.01),(1085,79,54,5,0.00),(1086,160,75,61,0.02),(1087,162,61,11,0.00),(1088,68,39,743,0.14),(1089,68,87,302,0.06),(1090,68,93,5,0.00),(1091,118,51,183,0.01),(1092,113,54,25,0.01),(1093,211,55,80,0.02),(1094,159,76,10,0.00),(1095,158,51,1,0.00),(1096,45,5,98,0.05),(1097,45,21,3,0.00),(1098,55,100,11,0.00),(1099,46,86,7,0.04),(1100,101,47,128,0.14),(1101,101,52,6,0.01),(1102,206,47,30,0.04),(1103,206,41,5,0.01),(1104,206,66,1,0.00),(1105,205,11,679,0.07),(1106,60,12,16,0.03),(1107,60,19,10,0.02),(1108,122,74,57,0.02),(1109,100,45,151,0.04),(1110,100,41,51,0.01),(1111,100,66,16,0.00),(1112,14,3,9,0.07),(1113,187,22,3,0.00),(1114,210,39,25,0.06),(1115,210,115,1,0.00),(1116,204,54,1,0.00),(1117,154,22,1,0.00),(1118,117,55,89,0.01),(1119,117,64,58,0.01),(1120,117,49,19,0.00),(1121,117,22,6,0.00),(1122,107,39,9,0.02),(1123,218,35,2,0.00),(1124,152,55,1,0.00),(1125,111,99,1,0.00),(1126,57,6,20,0.10),(1127,226,45,2485,0.04),(1128,225,11,244,0.04),(1129,225,52,8,0.00),(1130,224,14,3,0.00),(1131,116,65,17,0.04),(1132,223,77,2,0.00),(1133,23,15,331,0.01),(1134,186,48,19,0.13),(1135,83,59,1,0.00),(1136,75,88,1,0.00),(1137,74,88,2,0.02),(1138,34,156,7,0.03),(1139,61,82,113,0.09),(1140,61,83,16,0.01),(1141,61,121,4,0.00),(1142,33,18,878,0.15),(1143,185,57,3,0.00),(1144,185,50,2,0.00),(1145,145,77,3,0.00),(1146,56,85,6,0.01),(1147,56,113,3,0.00),(1148,94,62,124,0.10),(1149,144,45,70,0.04),(1150,184,65,87,0.01),(1151,184,49,12,0.00),(1152,110,62,3598,0.18),(1153,21,163,14,0.00),(1154,221,47,1379,0.05),(1155,221,11,145,0.01),(1156,221,51,136,0.01),(1157,221,44,1,0.00),(1158,82,39,14,0.12),(1159,183,6,146,0.03),(1160,183,49,19,0.00),(1161,202,6,163,0.08),(1162,202,11,116,0.06),(1163,39,5,2,0.02),(1164,66,41,5,0.04),(1165,66,88,3,0.03),(1166,66,5,2,0.02),(1167,53,105,42,0.07),(1168,53,103,17,0.03),(1169,93,52,1,0.00),(1170,73,42,13,0.05),(1171,73,40,9,0.03),(1172,63,43,16,0.03),(1173,214,47,10,0.04),(1174,92,49,186,0.01),(1175,182,62,21,0.03),(1176,220,81,2,0.00),(1177,181,35,430,0.12),(1178,121,39,182,0.16),(1179,213,19,1,0.00),(1180,212,14,3,0.01),(1181,219,49,17,0.02),(1182,141,35,301,0.03),(1183,141,41,137,0.01),(1184,217,55,3,0.00),(1185,140,65,35,0.02),(1186,200,45,8,0.02),(1187,32,6,47,0.21),(1188,178,66,120,0.03),(1189,178,75,16,0.00),(1190,177,54,3,0.00),(1191,177,22,1,0.00),(1192,176,18,1292,0.11),(1193,176,55,39,0.00),(1194,51,124,3,0.01),(1195,30,11,14,0.03),(1196,174,65,4,0.01),(1197,174,14,2,0.00),(1198,139,18,59,0.09),(1199,138,52,32,0.00),(1200,43,12,297,0.12),(1201,43,5,100,0.04),(1202,43,102,3,0.00),(1203,42,107,21,0.02),(1204,42,5,15,0.01),(1205,42,106,12,0.01),(1206,42,114,1,0.00),(1207,137,66,21,0.01),(1208,172,47,748,0.12),(1209,172,65,44,0.01),(1210,24,21,2,0.01),(1211,90,14,3,0.01),(1212,199,61,53,0.03),(1213,171,11,296,0.04),(1214,136,118,3,0.00),(1215,135,11,6,0.02),(1216,189,62,546,0.05),(1217,114,18,300,0.13),(1218,103,47,231,0.07),(1219,103,77,13,0.00),(1220,192,11,79,0.08),(1221,192,45,62,0.06),(1222,192,35,12,0.01),(1223,132,52,1,0.00),(1224,41,5,17,0.08),(1225,215,115,6,0.00),(1226,215,79,1,0.00),(1227,169,57,46,0.02),(1228,169,77,2,0.00),(1229,130,6,3,0.01),(1230,198,18,168,0.08),(1231,197,118,45,0.00),(1232,197,11,17,0.00),(1233,89,47,17,0.04),(1234,89,61,6,0.01),(1235,89,14,1,0.00),(1236,120,6,2,0.00),(1237,128,6,3,0.00),(1238,123,62,58,0.06),(1239,196,57,42,0.00),(1240,108,119,14,0.02),(1241,108,77,2,0.00),(1242,18,9,152,0.01),(1243,71,55,46,0.00),(1244,102,66,40,0.01),(1245,102,52,1,0.00),(1246,195,55,4,0.00),(1247,85,97,64,0.01),(1248,85,55,19,0.00),(1249,127,119,18,0.02),(1250,166,18,21,0.13),(1251,166,47,17,0.11),(1252,48,102,39,0.10),(1253,20,15,25,0.07),(1254,191,29,2,0.00),(1255,191,38,1,0.00),(1256,58,100,5,0.02),(1257,70,38,15,0.05),(1258,44,111,2,0.01),(1259,160,77,11,0.00),(1260,161,52,2,0.00),(1261,161,58,1,0.00),(1262,161,75,1,0.00),(1263,161,64,1,0.00),(1264,194,52,1,0.00),(1265,68,95,2,0.00),(1266,69,18,3722,0.12),(1267,211,41,30,0.01),(1268,188,65,11,0.03),(1269,158,29,1,0.00),(1270,158,49,1,0.00),(1271,45,11,240,0.12),(1272,29,11,11,0.06),(1273,29,82,7,0.04),(1274,55,20,25,0.01),(1275,101,6,10,0.01),(1276,101,39,7,0.01),(1277,101,66,3,0.00),(1278,28,101,194,0.12),(1279,38,11,62,0.06),(1280,38,19,14,0.01),(1281,157,14,28,0.02),(1282,156,64,10,0.00),(1283,60,107,1,0.00),(1284,122,14,39,0.01),(1285,100,5,2,0.00),(1286,14,14,6,0.04),(1287,187,49,94,0.04),(1288,187,56,10,0.00),(1289,210,49,7,0.02),(1290,210,98,1,0.00),(1291,154,54,98,0.03),(1292,19,11,2,0.01),(1293,117,6,9,0.00),(1294,218,11,3,0.00),(1295,218,117,1,0.00),(1296,106,57,5,0.00),(1297,99,57,5,0.00),(1298,106,57,5,0.00),(1299,99,57,5,0.00),(1300,98,52,7,0.00),(1301,152,11,4,0.01),(1302,111,62,449,0.14),(1303,111,41,33,0.01),(1304,151,54,5,0.00),(1305,150,6,154,0.08),(1306,150,18,146,0.07),(1307,57,74,1,0.01),(1308,149,14,10,0.01),(1309,227,65,34,0.01),(1310,226,66,1574,0.03),(1311,226,117,97,0.00),(1312,226,29,10,0.00),(1313,97,76,12,0.02),(1314,116,76,4,0.01),(1315,193,62,107,0.07),(1316,37,108,126,0.05),(1317,23,12,61,0.00),(1318,59,84,1,0.00),(1319,105,57,16,0.01),(1320,77,36,47,0.25),(1321,77,37,10,0.05),(1322,77,42,7,0.04),(1323,35,12,44,0.18),(1324,75,23,23,0.04),(1325,25,126,39,0.14),(1326,148,49,81,0.04),(1327,148,52,14,0.01),(1328,185,19,1,0.00),(1329,96,39,510,0.13),(1330,96,55,27,0.01),(1331,147,52,2,0.00),(1332,147,3,1,0.00),(1333,146,74,280,0.19),(1334,56,120,15,0.02),(1335,56,112,8,0.01),(1336,94,78,1,0.00),(1337,110,54,13,0.00),(1338,110,29,2,0.00),(1339,222,74,22,0.00),(1340,21,13,46,0.01),(1341,183,64,38,0.01),(1342,202,47,213,0.11),(1343,202,14,36,0.02),(1344,39,111,13,0.10),(1345,142,115,10,0.05),(1346,53,11,66,0.11),(1347,65,89,1,0.01),(1348,63,39,100,0.17),(1349,214,6,2,0.01),(1350,112,18,376,0.12),(1351,112,6,7,0.00),(1352,181,45,219,0.06),(1353,181,65,1,0.00),(1354,201,14,10,0.01),(1355,212,6,3,0.01),(1356,212,61,2,0.01),(1357,219,64,6,0.01),(1358,141,45,574,0.06),(1359,141,75,35,0.00),(1360,140,6,24,0.01),(1361,32,9,19,0.09),(1362,180,66,112,0.03),(1363,180,55,37,0.01),(1364,179,74,1168,0.27),(1365,31,15,56,0.08),(1366,31,6,22,0.03),(1367,30,106,4,0.01),(1368,173,35,2,0.01),(1369,139,45,11,0.02),(1370,139,76,1,0.00),(1371,42,109,56,0.04),(1372,172,66,34,0.01),(1373,172,6,15,0.00),(1374,24,1,38,0.25),(1375,190,65,36,0.01),(1376,190,49,2,0.00),(1377,171,65,38,0.01),(1378,114,75,16,0.01),(1379,103,74,1224,0.35),(1380,192,74,335,0.32),(1381,132,6,9,0.00),(1382,132,77,3,0.00),(1383,50,102,6,0.03),(1384,41,21,1,0.00),(1385,198,39,85,0.04),(1386,197,22,533,0.01),(1387,197,81,14,0.00),(1388,197,99,5,0.00),(1389,129,74,752,0.26),(1390,88,35,89,0.01),(1391,88,75,21,0.00),(1392,88,54,3,0.00),(1393,115,62,99,0.08),(1394,208,39,47,0.08),(1395,196,75,194,0.01),(1396,71,52,4,0.00),(1397,71,80,1,0.00),(1398,102,41,297,0.04),(1399,102,3,1,0.00),(1400,87,75,559,0.03),(1401,87,19,25,0.00),(1402,86,74,261,0.35),(1403,86,18,90,0.12),(1404,86,66,35,0.05),(1405,195,66,46,0.05),(1406,85,11,64,0.01),(1407,127,39,33,0.03),(1408,165,14,3,0.02),(1409,126,97,1,0.00),(1410,125,18,35,0.05),(1411,47,86,47,0.08),(1412,124,46,182,0.05),(1413,70,11,102,0.35),(1414,44,3,1,0.00),(1415,44,64,1,0.00),(1416,79,57,3,0.00),(1417,160,41,188,0.06),(1418,160,57,3,0.00),(1419,161,35,83,0.09),(1420,162,48,145,0.04),(1421,68,35,6,0.00),(1422,118,46,1498,0.07),(1423,118,54,5,0.00),(1424,118,61,1,0.00),(1425,113,39,138,0.04),(1426,211,62,164,0.04),(1427,211,49,2,0.00),(1428,159,6,310,0.08),(1429,158,55,2,0.00),(1430,45,84,2,0.00),(1431,29,12,28,0.16),(1432,55,11,372,0.08),(1433,46,82,20,0.13),(1434,46,124,1,0.01),(1435,101,63,25,0.03),(1436,28,100,205,0.13),(1437,38,130,9,0.01),(1438,157,49,135,0.09),(1439,156,44,125,0.05),(1440,206,14,6,0.01),(1441,122,49,82,0.03),(1442,100,39,66,0.02),(1443,100,81,2,0.00),(1444,187,52,23,0.01),(1445,187,65,1,0.00),(1446,204,51,4,0.01),(1447,154,6,470,0.15),(1448,154,14,1,0.00),(1449,117,62,12,0.00),(1450,218,78,1,0.00),(1451,153,47,231,0.04),(1452,52,12,16,0.15),(1453,151,14,188,0.03),(1454,151,3,4,0.00),(1455,150,64,94,0.05),(1456,57,101,1,0.01),(1457,227,39,108,0.02),(1458,97,55,2,0.00),(1459,193,11,80,0.06),(1460,193,55,10,0.01),(1461,37,86,39,0.01),(1462,23,68,41,0.00),(1463,59,105,25,0.08),(1464,59,102,16,0.05),(1465,59,19,12,0.04),(1466,105,115,369,0.14),(1467,77,39,18,0.09),(1468,76,91,1,0.00),(1469,67,87,3,0.02),(1470,34,154,9,0.04),(1471,61,6,167,0.13),(1472,61,16,3,0.00),(1473,185,18,112,0.08),(1474,185,11,52,0.04),(1475,96,75,98,0.03),(1476,96,80,1,0.00),(1477,146,76,8,0.01),(1478,146,54,1,0.00),(1479,95,74,3,0.00),(1480,56,86,45,0.05),(1481,203,29,9,0.00),(1482,94,116,1,0.00),(1483,144,55,3,0.00),(1484,184,47,534,0.03),(1485,184,75,27,0.00),(1486,143,14,5,0.01),(1487,222,46,1444,0.07),(1488,221,78,8,0.00),(1489,221,53,5,0.00),(1490,183,77,14,0.00),(1491,202,49,1,0.00),(1492,39,106,4,0.03),(1493,53,102,19,0.03),(1494,93,75,4,0.01),(1495,65,36,34,0.22),(1496,64,64,2,0.00),(1497,214,35,6,0.02),(1498,92,5,34,0.00),(1499,92,44,2,0.00),(1500,182,41,58,0.09),(1501,182,66,25,0.04),(1502,112,78,1,0.00),(1503,121,81,1,0.00),(1504,201,62,88,0.13),(1505,201,11,4,0.01),(1506,213,41,24,0.03),(1507,213,64,2,0.00),(1508,141,55,39,0.00),(1509,140,62,127,0.06),(1510,178,47,113,0.03),(1511,31,176,14,0.02),(1512,175,18,25,0.09),(1513,30,100,46,0.10),(1514,174,52,1,0.00),(1515,138,64,29,0.00),(1516,42,82,187,0.15),(1517,42,100,159,0.12),(1518,42,103,100,0.08),(1519,42,102,42,0.03),(1520,137,41,78,0.05),(1521,172,98,1,0.00),(1522,190,52,4,0.00),(1523,171,74,1921,0.28),(1524,171,75,73,0.01),(1525,136,39,125,0.08),(1526,136,50,2,0.00),(1527,135,75,3,0.01),(1528,134,18,37,0.15),(1529,189,97,7,0.00),(1530,189,80,5,0.00),(1531,104,35,29,0.01),(1532,170,74,468,0.28),(1533,133,74,69,0.36),(1534,133,61,24,0.13),(1535,192,39,96,0.09),(1536,192,55,5,0.00),(1537,50,107,2,0.01),(1538,215,116,4,0.00),(1539,169,18,201,0.08),(1540,169,6,11,0.00),(1541,131,41,269,0.12),(1542,131,6,16,0.01),(1543,130,115,58,0.12),(1544,130,57,2,0.00),(1545,197,18,3419,0.09),(1546,197,97,5,0.00),(1547,89,19,1,0.00),(1548,120,75,39,0.05),(1549,120,77,5,0.01),(1550,128,41,68,0.06),(1551,208,61,53,0.09),(1552,208,75,19,0.03),(1553,119,118,1,0.00),(1554,196,66,319,0.02),(1555,196,76,13,0.00),(1556,108,61,54,0.07),(1557,108,55,1,0.00),(1558,167,81,1,0.00),(1559,49,82,9,0.07),(1560,71,45,1038,0.07),(1561,71,65,168,0.01),(1562,87,6,82,0.00),(1563,87,115,14,0.00),(1564,87,118,9,0.00),(1565,85,47,185,0.04),(1566,85,52,28,0.01),(1567,127,19,2,0.00),(1568,165,6,12,0.09),(1569,48,103,4,0.01),(1570,164,62,15,0.07),(1571,163,115,3,0.00),(1572,163,81,1,0.00),(1573,126,6,12,0.00),(1574,126,117,2,0.00),(1575,47,19,11,0.02),(1576,47,107,2,0.00),(1577,70,8,3,0.01),(1578,70,88,1,0.00),(1579,207,55,18,0.02),(1580,44,109,3,0.01),(1581,17,100,53,0.07),(1582,79,19,19,0.02),(1583,160,62,221,0.07),(1584,160,81,1,0.00),(1585,161,45,84,0.09),(1586,162,49,6,0.00),(1587,162,53,5,0.00),(1588,69,88,60,0.00),(1589,15,7,61,0.09),(1590,15,73,9,0.01),(1591,16,103,40,0.03),(1592,211,76,32,0.01),(1593,159,39,300,0.08),(1594,188,76,1,0.00),(1595,158,61,108,0.09),(1596,29,111,5,0.03),(1597,28,5,21,0.01),(1598,13,82,118,0.12),(1599,38,18,211,0.20),(1600,38,15,129,0.13),(1601,157,48,188,0.13),(1602,157,6,118,0.08),(1603,157,46,73,0.05),(1604,157,47,31,0.02),(1605,157,74,2,0.00),(1606,205,136,704,0.07),(1607,155,48,67,0.13),(1608,155,47,20,0.04),(1609,155,50,12,0.02),(1610,122,44,292,0.10),(1611,100,49,4,0.00),(1612,14,12,12,0.09),(1613,187,35,181,0.07),(1614,204,35,86,0.12),(1615,117,48,308,0.03),(1616,107,52,9,0.02),(1617,107,57,7,0.01),(1618,107,29,1,0.00),(1619,218,61,207,0.16),(1620,218,57,13,0.01),(1621,106,18,266,0.07),(1622,99,18,266,0.07),(1623,106,18,266,0.07),(1624,99,18,266,0.07),(1625,153,54,1,0.00),(1626,98,45,87,0.02),(1627,98,14,21,0.00),(1628,52,103,5,0.05),(1629,111,45,82,0.03),(1630,111,35,27,0.01),(1631,150,35,154,0.08),(1632,150,51,12,0.01),(1633,150,47,3,0.00),(1634,57,22,1,0.01),(1635,227,35,123,0.02),(1636,226,47,5984,0.10),(1637,226,57,773,0.01),(1638,226,19,41,0.00),(1639,226,79,1,0.00),(1640,225,64,7,0.00),(1641,224,115,81,0.12),(1642,224,61,45,0.07),(1643,224,119,25,0.04),(1644,97,11,4,0.01),(1645,193,35,29,0.02),(1646,223,48,1767,0.13),(1647,223,65,3,0.00),(1648,22,17,1,0.00),(1649,59,64,1,0.00),(1650,26,106,4,0.02),(1651,186,49,5,0.03),(1652,105,11,77,0.03),(1653,77,88,3,0.02),(1654,36,12,74,0.14),(1655,76,11,48,0.08),(1656,81,23,14,0.11),(1657,72,42,16,0.03),(1658,83,38,152,0.18),(1659,75,42,22,0.04),(1660,74,39,24,0.18),(1661,74,11,13,0.10),(1662,25,128,25,0.09),(1663,61,12,154,0.12),(1664,185,47,74,0.06),(1665,96,64,2,0.00),(1666,147,62,360,0.11),(1667,145,75,6,0.00),(1668,203,6,237,0.03),(1669,94,41,6,0.00),(1670,144,76,15,0.01),(1671,184,45,1185,0.07),(1672,184,116,7,0.00),(1673,209,62,40,0.06),(1674,110,66,721,0.04),(1675,110,57,180,0.01),(1676,222,56,3,0.00),(1677,21,3,4,0.00),(1678,221,76,245,0.01),(1679,221,80,95,0.00),(1680,202,51,1,0.00),(1681,202,5,1,0.00),(1682,202,81,1,0.00),(1683,109,76,5,0.00),(1684,80,37,21,0.09),(1685,63,37,11,0.02),(1686,112,75,107,0.03),(1687,181,58,3,0.00),(1688,121,77,7,0.01),(1689,121,35,6,0.01),(1690,212,50,3,0.01),(1691,219,48,222,0.20),(1692,219,47,189,0.17),(1693,219,18,166,0.15),(1694,219,45,97,0.09),(1695,141,50,6,0.00),(1696,32,2,20,0.09),(1697,180,22,1,0.00),(1698,179,76,12,0.00),(1699,178,11,248,0.06),(1700,176,45,593,0.05),(1701,43,106,4,0.00),(1702,43,39,1,0.00),(1703,42,39,13,0.01),(1704,172,39,746,0.11),(1705,172,50,3,0.00),(1706,24,14,1,0.01),(1707,24,72,1,0.01),(1708,190,116,3,0.00),(1709,199,18,164,0.10),(1710,199,62,79,0.05),(1711,199,57,32,0.02),(1712,171,118,6,0.00),(1713,171,19,1,0.00),(1714,136,19,4,0.00),(1715,136,54,2,0.00),(1716,189,66,821,0.08),(1717,104,11,281,0.09),(1718,104,45,156,0.05),(1719,114,47,144,0.06),(1720,114,45,75,0.03),(1721,170,118,15,0.01),(1722,170,55,5,0.00),(1723,103,6,11,0.00),(1724,132,11,215,0.09),(1725,132,78,1,0.00),(1726,50,12,38,0.16),(1727,169,117,2,0.00),(1728,131,47,71,0.03),(1729,131,75,34,0.01),(1730,198,52,3,0.00),(1731,198,22,1,0.00),(1732,197,47,4459,0.12),(1733,197,146,8,0.00),(1734,88,41,1054,0.11),(1735,88,45,288,0.03),(1736,88,50,6,0.00),(1737,120,74,214,0.26),(1738,120,49,1,0.00),(1739,115,57,5,0.00),(1740,123,18,90,0.09),(1741,168,66,3,0.02),(1742,196,47,801,0.05),(1743,196,55,40,0.00),(1744,196,81,1,0.00),(1745,108,52,2,0.00),(1746,108,76,1,0.00),(1747,49,105,8,0.06),(1748,71,47,2161,0.14),(1749,71,75,174,0.01),(1750,87,77,96,0.00),(1751,87,29,10,0.00),(1752,87,97,3,0.00),(1753,85,29,1,0.00),(1754,166,22,2,0.01),(1755,165,74,2,0.01),(1756,20,11,64,0.18),(1757,191,5,182,0.09),(1758,126,62,396,0.10),(1759,125,61,25,0.03),(1760,125,22,6,0.01),(1761,47,11,28,0.05),(1762,58,18,45,0.20),(1763,207,18,175,0.15),(1764,44,5,18,0.06),(1765,44,101,15,0.05),(1766,79,11,95,0.09),(1767,79,46,77,0.08),(1768,79,65,1,0.00),(1769,161,47,33,0.04),(1770,162,18,482,0.15),(1771,162,38,18,0.01),(1772,194,45,18,0.07),(1773,118,49,721,0.03),(1774,118,41,543,0.02),(1775,118,14,456,0.02),(1776,118,19,23,0.00),(1777,69,43,3,0.00),(1778,113,97,3,0.00),(1779,159,77,20,0.01),(1780,188,41,11,0.03),(1781,188,55,3,0.01),(1782,188,11,2,0.00),(1783,158,75,7,0.01),(1784,55,121,217,0.05),(1785,46,83,10,0.06),(1786,46,112,5,0.03),(1787,46,5,1,0.01),(1788,13,101,1,0.00),(1789,40,82,16,0.06),(1790,54,22,2,0.01),(1791,157,41,21,0.01),(1792,156,52,5,0.00),(1793,206,45,52,0.08),(1794,122,63,7,0.00),(1795,27,24,213,0.07),(1796,27,128,8,0.00),(1797,14,142,4,0.03),(1798,210,74,112,0.28),(1799,204,50,19,0.03),(1800,204,74,1,0.00),(1801,107,98,4,0.01),(1802,107,63,1,0.00),(1803,218,49,1,0.00),(1804,106,45,89,0.02),(1805,99,45,89,0.02),(1806,106,45,89,0.02),(1807,99,45,89,0.02),(1808,153,81,2,0.00),(1809,52,18,17,0.16),(1810,152,66,5,0.01),(1811,111,57,6,0.00),(1812,111,52,1,0.00),(1813,151,5,340,0.05),(1814,57,112,3,0.01),(1815,149,118,3,0.00),(1816,227,115,851,0.16),(1817,227,11,129,0.02),(1818,227,146,1,0.00),(1819,97,74,205,0.26),(1820,116,41,15,0.04),(1821,22,5,4706,0.21),(1822,22,2,216,0.01),(1823,59,16,1,0.00),(1824,105,118,7,0.00),(1825,36,103,27,0.05),(1826,35,108,6,0.02),(1827,76,38,102,0.18),(1828,72,38,89,0.17),(1829,83,39,197,0.24),(1830,75,64,11,0.02),(1831,148,63,8,0.00),(1832,61,18,131,0.10),(1833,61,105,97,0.07),(1834,33,112,863,0.15),(1835,33,15,244,0.04),(1836,185,61,3,0.00),(1837,96,76,23,0.01),(1838,146,146,1,0.00),(1839,145,14,29,0.02),(1840,203,14,39,0.01),(1841,184,54,15,0.00),(1842,143,62,37,0.06),(1843,209,65,8,0.01),(1844,209,57,5,0.01),(1845,110,74,4812,0.25),(1846,110,39,1673,0.09),(1847,110,64,2,0.00),(1848,221,6,1065,0.04),(1849,221,75,331,0.01),(1850,82,62,12,0.10),(1851,82,45,2,0.02),(1852,202,61,213,0.11),(1853,202,35,80,0.04),(1854,66,94,1,0.01),(1855,66,11,1,0.01),(1856,109,61,184,0.15),(1857,53,35,16,0.03),(1858,93,77,1,0.00),(1859,64,11,53,0.04),(1860,80,18,56,0.23),(1861,80,43,2,0.01),(1862,63,38,103,0.18),(1863,92,66,109,0.00),(1864,182,18,76,0.12),(1865,182,45,43,0.07),(1866,112,35,65,0.02),(1867,220,18,165,0.10),(1868,220,118,9,0.01),(1869,219,6,31,0.03),(1870,219,50,13,0.01),(1871,219,61,6,0.01),(1872,141,76,35,0.00),(1873,91,115,1,0.00),(1874,200,47,20,0.05),(1875,180,61,262,0.07),(1876,180,19,4,0.00),(1877,180,146,2,0.00),(1878,179,65,95,0.02),(1879,179,50,3,0.00),(1880,178,39,204,0.05),(1881,177,49,4,0.00),(1882,139,75,3,0.00),(1883,139,6,2,0.00),(1884,43,82,440,0.17),(1885,42,111,30,0.02),(1886,137,74,511,0.33),(1887,90,74,184,0.39),(1888,190,118,8,0.00),(1889,216,54,1,0.01),(1890,216,14,1,0.01),(1891,216,6,1,0.01),(1892,199,39,66,0.04),(1893,171,61,471,0.07),(1894,136,75,15,0.01),(1895,134,97,3,0.01),(1896,189,115,35,0.00),(1897,189,29,1,0.00),(1898,104,76,6,0.00),(1899,170,35,78,0.05),(1900,170,75,51,0.03),(1901,103,65,11,0.00),(1902,132,45,121,0.05),(1903,41,104,5,0.02),(1904,41,106,1,0.00),(1905,215,39,143,0.09),(1906,215,35,7,0.00),(1907,215,65,7,0.00),(1908,131,61,151,0.07),(1909,198,41,261,0.13),(1910,198,65,7,0.00),(1911,197,5,672,0.02),(1912,129,54,2,0.00),(1913,89,57,1,0.00),(1914,88,77,28,0.00),(1915,88,22,2,0.00),(1916,115,5,4,0.00),(1917,208,55,9,0.01),(1918,123,11,68,0.07),(1919,167,47,4,0.02),(1920,18,1,3110,0.23),(1921,18,73,299,0.02),(1922,18,68,148,0.01),(1923,18,21,16,0.00),(1924,102,62,513,0.08),(1925,102,39,396,0.06),(1926,86,61,55,0.07),(1927,195,45,48,0.06),(1928,195,14,10,0.01),(1929,85,61,177,0.04),(1930,20,67,36,0.10),(1931,191,55,1,0.00),(1932,124,38,3,0.00),(1933,207,45,50,0.04),(1934,44,113,2,0.01),(1935,17,111,5,0.01),(1936,79,66,1,0.00),(1937,160,61,411,0.13),(1938,162,44,56,0.02),(1939,118,48,3104,0.14),(1940,118,53,74,0.00),(1941,15,9,102,0.15),(1942,16,113,1,0.00),(1943,113,19,32,0.01),(1944,113,98,1,0.00),(1945,211,51,1,0.00),(1946,159,62,409,0.10),(1947,159,11,271,0.07),(1948,159,64,1,0.00),(1949,158,76,3,0.00),(1950,45,12,239,0.12),(1951,55,83,427,0.10),(1952,46,6,11,0.07),(1953,46,20,2,0.01),(1954,101,44,54,0.06),(1955,101,5,48,0.05),(1956,101,74,26,0.03),(1957,101,53,4,0.00),(1958,101,29,1,0.00),(1959,156,78,11,0.00),(1960,205,44,40,0.00),(1961,155,6,36,0.07),(1962,155,49,18,0.03),(1963,100,78,1,0.00),(1964,187,53,12,0.00),(1965,210,29,1,0.00),(1966,204,11,70,0.10),(1967,204,48,59,0.08),(1968,204,39,6,0.01),(1969,204,56,1,0.00),(1970,117,58,4676,0.48),(1971,117,35,88,0.01),(1972,107,49,12,0.02),(1973,218,45,39,0.03),(1974,106,14,10,0.00),(1975,99,14,10,0.00),(1976,106,49,2,0.00),(1977,99,49,2,0.00),(1978,106,14,10,0.00),(1979,99,14,10,0.00),(1980,106,49,2,0.00),(1981,99,49,2,0.00),(1982,153,57,48,0.01),(1983,98,47,442,0.08),(1984,98,22,5,0.00),(1985,152,76,2,0.01),(1986,111,65,13,0.00),(1987,151,39,67,0.01),(1988,150,14,19,0.01),(1989,150,75,2,0.00),(1990,149,115,69,0.08),(1991,227,18,616,0.12),(1992,227,62,197,0.04),(1993,224,3,1,0.00),(1994,97,77,8,0.01),(1995,37,109,113,0.04),(1996,37,39,5,0.00),(1997,223,44,1960,0.14),(1998,223,63,46,0.00),(1999,223,19,11,0.00),(2000,23,73,40,0.00),(2001,22,6,2903,0.13),(2002,22,11,2488,0.11),(2003,26,12,23,0.10),(2004,26,102,2,0.01),(2005,186,44,17,0.11),(2006,35,5,7,0.03),(2007,67,11,16,0.11),(2008,72,36,67,0.13),(2009,83,87,21,0.03),(2010,25,13,25,0.09),(2011,148,14,10,0.00),(2012,61,21,96,0.07),(2013,61,11,51,0.04),(2014,61,20,2,0.00),(2015,33,19,26,0.00),(2016,146,6,175,0.12),(2017,145,66,103,0.07),(2018,56,22,1,0.00),(2019,203,18,519,0.07),(2020,144,35,16,0.01),(2021,184,51,4,0.00),(2022,143,61,37,0.06),(2023,143,57,1,0.00),(2024,143,81,1,0.00),(2025,110,119,278,0.01),(2026,222,41,415,0.02),(2027,222,54,24,0.00),(2028,221,117,7,0.00),(2029,82,14,1,0.01),(2030,183,11,157,0.03),(2031,183,53,1,0.00),(2032,202,74,450,0.23),(2033,39,18,8,0.06),(2034,109,41,53,0.04),(2035,109,117,3,0.00),(2036,65,39,30,0.20),(2037,92,77,134,0.01),(2038,92,97,4,0.00),(2039,220,62,174,0.10),(2040,220,75,127,0.07),(2041,220,77,11,0.01),(2042,220,52,4,0.00),(2043,181,11,57,0.02),(2044,181,39,54,0.02),(2045,121,6,2,0.00),(2046,201,41,15,0.02),(2047,213,47,97,0.11),(2048,219,55,7,0.01),(2049,178,118,13,0.00),(2050,178,57,13,0.00),(2051,177,18,188,0.07),(2052,176,118,39,0.00),(2053,51,35,16,0.04),(2054,175,61,28,0.11),(2055,30,6,34,0.07),(2056,174,115,1,0.00),(2057,43,100,335,0.13),(2058,172,61,666,0.10),(2059,172,76,32,0.00),(2060,172,78,5,0.00),(2061,172,19,1,0.00),(2062,216,62,7,0.04),(2063,199,11,33,0.02),(2064,136,47,111,0.07),(2065,134,66,9,0.04),(2066,189,50,6,0.00),(2067,189,79,1,0.00),(2068,104,115,99,0.03),(2069,114,54,1,0.00),(2070,170,22,24,0.01),(2071,103,45,139,0.04),(2072,133,11,14,0.07),(2073,133,62,9,0.05),(2074,133,41,7,0.04),(2075,133,55,2,0.01),(2076,41,108,5,0.02),(2077,41,111,2,0.01),(2078,131,62,237,0.10),(2079,130,61,33,0.07),(2080,130,35,1,0.00),(2081,130,118,1,0.00),(2082,197,54,61,0.00),(2083,197,48,2,0.00),(2084,129,19,5,0.00),(2085,89,115,30,0.07),(2086,89,65,2,0.00),(2087,208,18,68,0.11),(2088,208,45,34,0.06),(2089,119,11,19,0.01),(2090,196,18,814,0.05),(2091,49,39,1,0.01),(2092,71,54,2,0.00),(2093,87,116,318,0.01),(2094,85,74,808,0.18),(2095,85,77,3,0.00),(2096,166,62,4,0.03),(2097,165,47,7,0.05),(2098,163,75,8,0.00),(2099,126,39,243,0.06),(2100,126,57,33,0.01),(2101,125,39,23,0.03),(2102,125,75,5,0.01),(2103,124,56,1,0.00),(2104,58,12,31,0.14),(2105,207,14,3,0.00),(2106,207,77,2,0.00),(2107,44,18,15,0.05),(2108,44,103,1,0.00),(2109,84,39,6,0.04),(2110,78,39,6,0.04),(2111,84,41,3,0.02),(2112,78,41,3,0.02),(2113,84,39,6,0.04),(2114,78,39,6,0.04),(2115,84,41,3,0.02),(2116,78,41,3,0.02),(2117,162,5,12,0.00),(2118,68,41,620,0.12),(2119,68,90,14,0.00),(2120,68,59,8,0.00),(2121,68,96,2,0.00),(2122,118,22,7,0.00),(2123,15,68,6,0.01),(2124,16,35,10,0.01),(2125,113,118,5,0.00),(2126,211,57,33,0.01),(2127,159,41,274,0.07),(2128,159,14,27,0.01),(2129,188,77,3,0.01),(2130,46,12,17,0.11),(2131,157,44,310,0.21),(2132,157,51,9,0.01),(2133,157,29,2,0.00),(2134,157,22,1,0.00),(2135,156,46,60,0.02),(2136,206,63,2,0.00),(2137,155,5,40,0.08),(2138,60,5,18,0.03),(2139,122,47,149,0.05),(2140,122,22,3,0.00),(2141,100,62,225,0.06),(2142,14,143,3,0.02),(2143,187,3,3,0.00),(2144,154,5,350,0.11),(2145,154,63,3,0.00),(2146,19,70,27,0.20),(2147,117,61,25,0.00),(2148,218,77,9,0.01),(2149,98,80,3,0.00),(2150,52,105,14,0.13),(2151,111,18,251,0.08),(2152,151,11,539,0.08),(2153,150,61,187,0.10),(2154,225,14,11,0.00),(2155,225,50,1,0.00),(2156,224,45,10,0.01),(2157,224,22,2,0.00),(2158,97,14,3,0.00),(2159,97,97,2,0.00),(2160,193,47,85,0.06),(2161,193,77,1,0.00),(2162,37,18,48,0.02),(2163,223,29,9,0.00),(2164,223,22,2,0.00),(2165,23,22,4,0.00),(2166,22,3,64,0.00),(2167,26,6,16,0.07),(2168,36,111,35,0.07),(2169,36,108,30,0.06),(2170,35,39,1,0.00),(2171,25,24,31,0.11),(2172,148,39,9,0.00),(2173,148,54,8,0.00),(2174,61,108,1,0.00),(2175,33,2,1195,0.21),(2176,185,63,8,0.01),(2177,146,45,23,0.02),(2178,145,65,103,0.07),(2179,145,97,19,0.01),(2180,95,47,83,0.03),(2181,203,58,33,0.00),(2182,203,11,10,0.00),(2183,144,115,125,0.08),(2184,144,57,4,0.00),(2185,184,11,665,0.04),(2186,222,19,12,0.00),(2187,21,16,29,0.01),(2188,21,150,15,0.00),(2189,221,116,73,0.00),(2190,82,41,1,0.01),(2191,183,146,1,0.00),(2192,202,65,15,0.01),(2193,66,23,16,0.14),(2194,109,57,13,0.01),(2195,109,49,10,0.01),(2196,109,118,1,0.00),(2197,53,39,10,0.02),(2198,65,37,4,0.03),(2199,63,18,82,0.14),(2200,63,40,26,0.04),(2201,92,74,6639,0.26),(2202,92,35,1906,0.07),(2203,92,39,355,0.01),(2204,92,116,161,0.01),(2205,182,75,3,0.00),(2206,112,118,4,0.00),(2207,181,63,39,0.01),(2208,181,60,2,0.00),(2209,121,118,2,0.00),(2210,213,35,11,0.01),(2211,213,118,4,0.00),(2212,212,74,5,0.01),(2213,91,6,14,0.01),(2214,140,52,4,0.00),(2215,200,75,5,0.01),(2216,180,47,98,0.03),(2217,179,97,3,0.00),(2218,178,6,10,0.00),(2219,31,175,15,0.02),(2220,177,74,737,0.27),(2221,176,65,173,0.01),(2222,175,39,17,0.06),(2223,175,45,7,0.03),(2224,139,65,9,0.01),(2225,172,41,173,0.03),(2226,24,17,1,0.01),(2227,90,47,55,0.12),(2228,90,41,2,0.00),(2229,216,41,4,0.02),(2230,199,74,438,0.28),(2231,171,41,1028,0.15),(2232,171,66,456,0.07),(2233,171,14,117,0.02),(2234,171,48,13,0.00),(2235,189,6,29,0.00),(2236,189,118,24,0.00),(2237,104,75,31,0.01),(2238,114,14,29,0.01),(2239,132,47,51,0.02),(2240,132,14,29,0.01),(2241,50,21,1,0.00),(2242,131,11,251,0.11),(2243,130,55,3,0.01),(2244,197,50,15,0.00),(2245,115,75,1,0.00),(2246,128,11,83,0.08),(2247,128,19,2,0.00),(2248,208,35,4,0.01),(2249,123,65,12,0.01),(2250,119,54,4,0.00),(2251,119,14,3,0.00),(2252,119,55,1,0.00),(2253,196,14,361,0.02),(2254,196,52,3,0.00),(2255,108,14,5,0.01),(2256,167,116,1,0.00),(2257,49,113,5,0.04),(2258,18,147,608,0.05),(2259,18,13,32,0.00),(2260,71,14,88,0.01),(2261,102,115,1,0.00),(2262,87,81,81,0.00),(2263,86,65,10,0.01),(2264,86,6,2,0.00),(2265,85,65,90,0.02),(2266,85,118,10,0.00),(2267,127,18,85,0.09),(2268,20,6,4,0.01),(2269,191,50,24,0.01),(2270,126,76,130,0.03),(2271,125,76,5,0.01),(2272,124,66,7,0.00),(2273,44,84,3,0.01),(2274,162,58,1301,0.39),(2275,162,46,47,0.01),(2276,194,62,10,0.04),(2277,194,57,1,0.00),(2278,68,64,133,0.02),(2279,118,99,1,0.00),(2280,69,38,7233,0.24),(2281,16,16,1,0.00),(2282,113,65,16,0.00),(2283,211,18,557,0.12),(2284,159,66,87,0.02),(2285,159,29,1,0.00),(2286,158,6,10,0.01),(2287,158,65,9,0.01),(2288,45,18,299,0.15),(2289,101,48,143,0.15),(2290,13,35,19,0.02),(2291,54,101,1,0.00),(2292,206,18,96,0.14),(2293,206,46,65,0.09),(2294,205,14,188,0.02),(2295,155,46,45,0.09),(2296,60,18,74,0.12),(2297,60,86,46,0.08),(2298,122,35,239,0.08),(2299,122,57,9,0.00),(2300,122,38,2,0.00),(2301,27,125,475,0.15),(2302,100,118,4,0.00),(2303,187,11,39,0.02),(2304,210,61,65,0.16),(2305,107,64,3,0.01),(2306,153,35,27,0.00),(2307,153,44,1,0.00),(2308,98,11,13,0.00),(2309,52,35,1,0.01),(2310,151,35,734,0.10),(2311,151,84,1,0.00),(2312,151,66,1,0.00),(2313,149,64,1,0.00),(2314,226,41,2571,0.04),(2315,225,146,7,0.00),(2316,224,62,14,0.02),(2317,193,14,20,0.01),(2318,193,118,2,0.00),(2319,37,114,1,0.00),(2320,223,46,1120,0.08),(2321,223,38,8,0.00),(2322,23,1,5131,0.22),(2323,23,10,891,0.04),(2324,23,20,77,0.00),(2325,22,22,4,0.00),(2326,186,18,12,0.08),(2327,77,38,24,0.13),(2328,77,43,3,0.02),(2329,36,110,31,0.06),(2330,36,6,30,0.06),(2331,36,18,4,0.01),(2332,35,35,2,0.01),(2333,67,91,1,0.01),(2334,75,11,56,0.10),(2335,61,3,4,0.00),(2336,61,113,2,0.00),(2337,33,23,15,0.00),(2338,96,45,28,0.01),(2339,96,115,15,0.00),(2340,96,65,4,0.00),(2341,147,54,1,0.00),(2342,145,19,1,0.00),(2343,144,47,57,0.04),(2344,144,39,50,0.03),(2345,184,61,2707,0.17),(2346,143,115,1,0.00),(2347,21,22,73,0.02),(2348,221,57,558,0.02),(2349,221,54,133,0.00),(2350,221,22,83,0.00),(2351,183,29,4,0.00),(2352,202,66,35,0.02),(2353,142,45,7,0.03),(2354,53,107,1,0.00),(2355,73,23,1,0.00),(2356,80,11,4,0.02),(2357,62,42,18,0.07),(2358,214,62,26,0.09),(2359,92,22,49,0.00),(2360,92,81,11,0.00),(2361,112,47,337,0.11),(2362,112,39,95,0.03),(2363,112,117,1,0.00),(2364,220,11,15,0.01),(2365,181,49,179,0.05),(2366,201,118,10,0.01),(2367,201,54,1,0.00),(2368,141,19,13,0.00),(2369,217,75,41,0.02),(2370,32,12,3,0.01),(2371,51,11,14,0.04),(2372,139,74,218,0.33),(2373,139,14,8,0.01),(2374,138,57,601,0.06),(2375,24,5,16,0.10),(2376,190,47,339,0.10),(2377,190,6,13,0.00),(2378,171,47,371,0.05),(2379,171,35,52,0.01),(2380,171,119,1,0.00),(2381,189,47,840,0.08),(2382,189,76,145,0.01),(2383,189,19,11,0.00),(2384,170,117,3,0.00),(2385,103,66,92,0.03),(2386,103,116,1,0.00),(2387,132,35,20,0.01),(2388,215,74,615,0.38),(2389,215,47,57,0.04),(2390,215,57,3,0.00),(2391,131,18,146,0.06),(2392,130,41,28,0.06),(2393,198,57,6,0.00),(2394,197,63,29,0.00),(2395,129,35,61,0.02),(2396,129,39,59,0.02),(2397,88,55,15,0.00),(2398,115,61,232,0.18),(2399,115,116,1,0.00),(2400,49,5,1,0.01),(2401,18,7,1769,0.13),(2402,102,11,256,0.04),(2403,102,64,3,0.00),(2404,87,62,1870,0.09),(2405,87,49,77,0.00),(2406,87,50,76,0.00),(2407,87,64,14,0.00),(2408,86,41,24,0.03),(2409,86,57,1,0.00),(2410,85,35,350,0.08),(2411,85,64,36,0.01),(2412,127,62,80,0.08),(2413,127,64,3,0.00),(2414,166,6,10,0.06),(2415,166,11,4,0.03),(2416,164,74,73,0.32),(2417,164,61,28,0.12),(2418,164,39,18,0.08),(2419,164,116,2,0.01),(2420,191,52,2,0.00),(2421,191,57,1,0.00),(2422,124,55,41,0.01),(2423,207,61,77,0.06),(2424,207,57,5,0.00),(2425,207,51,2,0.00),(2426,160,45,70,0.02),(2427,160,55,69,0.02),(2428,160,22,1,0.00),(2429,160,79,1,0.00),(2430,161,48,99,0.11),(2431,161,41,4,0.00),(2432,118,45,1094,0.05),(2433,69,64,390,0.01),(2434,15,14,1,0.00),(2435,113,14,21,0.01),(2436,113,55,18,0.00),(2437,211,46,1,0.00),(2438,159,52,2,0.00),(2439,158,57,2,0.00),(2440,29,108,3,0.02),(2441,29,18,2,0.01),(2442,55,103,8,0.00),(2443,101,38,3,0.00),(2444,13,12,81,0.09),(2445,54,112,5,0.02),(2446,54,83,2,0.01),(2447,54,21,2,0.01),(2448,157,53,13,0.01),(2449,206,59,2,0.00),(2450,205,46,195,0.02),(2451,205,137,64,0.01),(2452,122,6,602,0.20),(2453,204,6,86,0.12),(2454,19,71,5,0.04),(2455,117,44,162,0.02),(2456,117,14,13,0.00),(2457,106,65,55,0.01),(2458,99,65,55,0.01),(2459,106,22,1,0.00),(2460,99,22,1,0.00),(2461,106,118,1,0.00),(2462,99,118,1,0.00),(2463,106,65,55,0.01),(2464,99,65,55,0.01),(2465,106,22,1,0.00),(2466,99,22,1,0.00),(2467,106,118,1,0.00),(2468,99,118,1,0.00),(2469,153,77,21,0.00),(2470,52,86,7,0.07),(2471,111,78,1,0.00),(2472,150,62,70,0.04),(2473,149,75,2,0.00),(2474,226,65,929,0.01),(2475,226,146,8,0.00),(2476,225,115,1050,0.17),(2477,225,66,160,0.03),(2478,225,51,27,0.00),(2479,225,75,19,0.00),(2480,225,54,3,0.00),(2481,224,11,55,0.08),(2482,224,118,3,0.00),(2483,193,74,496,0.34),(2484,37,19,2,0.00),(2485,223,39,57,0.00),(2486,23,11,2488,0.11),(2487,59,12,31,0.10),(2488,26,110,11,0.05),(2489,186,41,5,0.03),(2490,105,35,216,0.08),(2491,105,65,36,0.01),(2492,36,102,12,0.02),(2493,76,36,84,0.15),(2494,81,36,17,0.14),(2495,74,38,19,0.14),(2496,148,50,4,0.00),(2497,148,22,1,0.00),(2498,96,11,8,0.00),(2499,96,44,2,0.00),(2500,147,18,358,0.11),(2501,146,57,1,0.00),(2502,145,47,81,0.05),(2503,145,57,14,0.01),(2504,95,46,209,0.08),(2505,203,54,47,0.01),(2506,94,52,15,0.01),(2507,144,22,1,0.00),(2508,143,11,6,0.01),(2509,143,64,2,0.00),(2510,209,41,4,0.01),(2511,110,115,2770,0.14),(2512,222,44,1898,0.10),(2513,222,49,505,0.03),(2514,222,29,14,0.00),(2515,21,7,1138,0.29),(2516,21,68,163,0.04),(2517,183,115,2,0.00),(2518,39,108,3,0.02),(2519,142,47,10,0.05),(2520,142,76,3,0.01),(2521,73,39,55,0.19),(2522,92,18,2934,0.11),(2523,112,54,4,0.00),(2524,181,53,110,0.03),(2525,121,41,19,0.02),(2526,201,6,1,0.00),(2527,213,76,5,0.01),(2528,213,6,3,0.00),(2529,212,18,55,0.15),(2530,212,52,2,0.01),(2531,219,74,8,0.01),(2532,219,78,2,0.00),(2533,219,19,1,0.00),(2534,141,3,1,0.00),(2535,217,57,9,0.01),(2536,217,52,6,0.00),(2537,217,78,3,0.00),(2538,91,47,42,0.02),(2539,200,51,1,0.00),(2540,32,7,13,0.06),(2541,180,57,16,0.00),(2542,179,45,223,0.05),(2543,178,115,501,0.12),(2544,176,77,15,0.00),(2545,174,47,28,0.04),(2546,173,65,1,0.00),(2547,139,41,21,0.03),(2548,42,18,42,0.03),(2549,137,76,8,0.01),(2550,172,54,2,0.00),(2551,24,12,4,0.03),(2552,90,63,1,0.00),(2553,190,14,47,0.01),(2554,190,11,46,0.01),(2555,190,57,6,0.00),(2556,199,19,12,0.01),(2557,171,115,10,0.00),(2558,171,99,8,0.00),(2559,171,22,7,0.00),(2560,136,11,81,0.05),(2561,136,65,5,0.00),(2562,136,76,1,0.00),(2563,134,61,15,0.06),(2564,134,76,1,0.00),(2565,189,18,1070,0.10),(2566,104,57,1,0.00),(2567,114,39,81,0.04),(2568,103,14,36,0.01),(2569,132,62,291,0.12),(2570,215,61,179,0.11),(2571,215,11,92,0.06),(2572,215,55,8,0.00),(2573,169,61,322,0.12),(2574,130,62,36,0.07),(2575,198,64,2,0.00),(2576,129,65,47,0.02),(2577,88,39,975,0.11),(2578,88,61,312,0.03),(2579,115,35,110,0.08),(2580,128,77,7,0.01),(2581,128,22,2,0.00),(2582,119,62,112,0.09),(2583,196,39,387,0.02),(2584,18,8,21,0.00),(2585,86,76,3,0.00),(2586,85,18,462,0.10),(2587,85,14,45,0.01),(2588,127,47,28,0.03),(2589,166,75,5,0.03),(2590,165,11,1,0.01),(2591,126,3,1,0.00),(2592,124,65,7,0.00),(2593,124,22,1,0.00),(2594,58,85,4,0.02),(2595,17,102,29,0.04),(2596,160,52,2,0.00),(2597,161,6,11,0.01),(2598,118,44,4071,0.18),(2599,118,64,48,0.00),(2600,16,111,8,0.01),(2601,113,61,522,0.14),(2602,113,62,266,0.07),(2603,211,14,95,0.02),(2604,211,116,4,0.00),(2605,159,18,288,0.07),(2606,159,47,192,0.05),(2607,29,35,1,0.01),(2608,28,106,3,0.00),(2609,13,124,11,0.01),(2610,54,103,1,0.00),(2611,156,55,1,0.00),(2612,155,44,89,0.17),(2613,155,51,7,0.01),(2614,155,29,1,0.00),(2615,27,126,450,0.14),(2616,27,139,96,0.03),(2617,100,57,82,0.02),(2618,210,57,5,0.01),(2619,204,3,1,0.00),(2620,154,56,2,0.00),(2621,107,77,4,0.01),(2622,218,39,59,0.05),(2623,218,64,5,0.00),(2624,218,116,1,0.00),(2625,106,117,4,0.00),(2626,99,117,4,0.00),(2627,106,117,4,0.00),(2628,99,117,4,0.00),(2629,153,41,412,0.07),(2630,153,63,1,0.00),(2631,52,100,3,0.03),(2632,152,64,1,0.00),(2633,150,117,1,0.00),(2634,57,35,8,0.04),(2635,149,6,22,0.03),(2636,227,6,12,0.00),(2637,225,118,52,0.01),(2638,225,3,2,0.00),(2639,225,22,1,0.00),(2640,224,76,21,0.03),(2641,116,62,27,0.07),(2642,193,6,12,0.01),(2643,223,6,2284,0.16),(2644,223,45,558,0.04),(2645,223,56,4,0.00),(2646,23,5,4706,0.21),(2647,22,1,5131,0.22),(2648,22,12,61,0.00),(2649,186,54,1,0.01),(2650,36,109,38,0.07),(2651,67,18,34,0.24),(2652,67,42,3,0.02),(2653,67,88,3,0.02),(2654,81,38,15,0.12),(2655,83,41,58,0.07),(2656,25,23,49,0.17),(2657,148,77,1,0.00),(2658,34,15,13,0.06),(2659,96,18,343,0.09),(2660,146,22,3,0.00),(2661,95,54,2,0.00),(2662,203,39,44,0.01),(2663,203,65,2,0.00),(2664,94,74,374,0.30),(2665,94,55,1,0.00),(2666,143,35,14,0.02),(2667,143,48,1,0.00),(2668,110,75,81,0.00),(2669,222,55,3,0.00),(2670,221,19,22,0.00),(2671,82,74,32,0.27),(2672,202,39,59,0.03),(2673,202,77,8,0.00),(2674,142,77,1,0.00),(2675,64,36,326,0.24),(2676,73,38,39,0.14),(2677,62,88,2,0.01),(2678,214,77,1,0.00),(2679,92,45,1553,0.06),(2680,92,98,1,0.00),(2681,92,80,1,0.00),(2682,182,118,2,0.00),(2683,121,54,2,0.00),(2684,201,39,31,0.04),(2685,201,35,1,0.00),(2686,213,55,4,0.00),(2687,212,63,2,0.01),(2688,141,118,113,0.01),(2689,141,117,12,0.00),(2690,217,66,7,0.00),(2691,217,6,7,0.00),(2692,217,64,1,0.00),(2693,91,41,256,0.11),(2694,91,61,154,0.06),(2695,91,65,15,0.01),(2696,140,14,8,0.00),(2697,140,81,6,0.00),(2698,32,4,11,0.05),(2699,180,76,28,0.01),(2700,179,11,347,0.08),(2701,179,75,14,0.00),(2702,178,61,338,0.08),(2703,178,146,1,0.00),(2704,31,18,98,0.13),(2705,177,65,112,0.04),(2706,176,97,45,0.00),(2707,51,82,48,0.13),(2708,51,86,23,0.06),(2709,139,52,1,0.00),(2710,139,57,1,0.00),(2711,24,13,3,0.02),(2712,216,61,16,0.09),(2713,199,77,14,0.01),(2714,199,14,6,0.00),(2715,135,45,9,0.03),(2716,135,54,1,0.00),(2717,134,52,1,0.00),(2718,189,49,19,0.00),(2719,114,119,3,0.00),(2720,114,57,1,0.00),(2721,103,41,302,0.09),(2722,133,29,1,0.01),(2723,192,75,8,0.01),(2724,132,39,173,0.07),(2725,198,61,148,0.07),(2726,129,62,213,0.07),(2727,120,62,86,0.11),(2728,115,6,116,0.09),(2729,115,14,28,0.02),(2730,128,39,87,0.08),(2731,128,66,51,0.05),(2732,128,65,8,0.01),(2733,128,116,3,0.00),(2734,196,65,134,0.01),(2735,167,45,3,0.01),(2736,49,103,12,0.09),(2737,49,11,4,0.03),(2738,18,10,222,0.02),(2739,71,18,1958,0.13),(2740,71,11,115,0.01),(2741,102,81,3,0.00),(2742,86,146,1,0.00),(2743,195,65,17,0.02),(2744,195,35,10,0.01),(2745,85,39,68,0.02),(2746,85,50,3,0.00),(2747,127,57,3,0.00),(2748,165,44,16,0.12),(2749,20,5,5,0.01),(2750,163,11,143,0.08),(2751,163,52,1,0.00),(2752,191,22,7,0.00),(2753,126,74,1199,0.29),(2754,125,62,17,0.02),(2755,125,51,2,0.00),(2756,47,39,75,0.13),(2757,17,3,1,0.00),(2758,84,40,3,0.02),(2759,78,40,3,0.02),(2760,84,40,3,0.02),(2761,78,40,3,0.02),(2762,79,18,124,0.12),(2763,160,66,75,0.02),(2764,161,50,17,0.02),(2765,68,38,879,0.16),(2766,68,36,439,0.08),(2767,118,56,8,0.00),(2768,69,5,2,0.00),(2769,113,6,3,0.00),(2770,211,74,1248,0.28),(2771,211,47,671,0.15),(2772,211,66,8,0.00),(2773,159,119,1,0.00),(2774,45,85,42,0.02),(2775,55,120,225,0.05),(2776,55,84,1,0.00),(2777,101,65,14,0.01),(2778,54,18,47,0.20),(2779,157,52,4,0.00),(2780,156,61,3,0.00),(2781,206,39,7,0.01),(2782,14,6,4,0.03),(2783,187,18,235,0.10),(2784,187,64,10,0.00),(2785,187,62,6,0.00),(2786,204,45,47,0.07),(2787,204,18,42,0.06),(2788,204,53,10,0.01),(2789,154,44,495,0.16),(2790,19,69,3,0.02),(2791,107,14,8,0.01),(2792,153,61,808,0.13),(2793,98,65,44,0.01),(2794,98,77,35,0.01),(2795,98,116,4,0.00),(2796,111,75,78,0.02),(2797,151,53,149,0.02),(2798,57,18,46,0.23),(2799,149,39,9,0.01),(2800,226,35,1741,0.03),(2801,225,19,28,0.00),(2802,97,22,1,0.00),(2803,116,66,25,0.06),(2804,37,102,245,0.09),(2805,37,85,3,0.00),(2806,223,18,575,0.04),(2807,22,16,508,0.02),(2808,186,14,4,0.03),(2809,36,39,1,0.00),(2810,67,36,18,0.13),(2811,67,89,1,0.01),(2812,83,91,1,0.00),(2813,75,36,85,0.15),(2814,148,5,262,0.12),(2815,34,151,45,0.21),(2816,61,86,75,0.06),(2817,61,85,33,0.03),(2818,61,19,17,0.01),(2819,33,26,706,0.12),(2820,185,48,287,0.22),(2821,185,74,9,0.01),(2822,96,57,71,0.02),(2823,96,118,20,0.01),(2824,146,11,109,0.08),(2825,146,119,1,0.00),(2826,203,35,984,0.13),(2827,203,56,3,0.00),(2828,144,119,17,0.01),(2829,143,18,60,0.10),(2830,209,75,53,0.07),(2831,183,47,162,0.03),(2832,183,75,22,0.00),(2833,183,22,1,0.00),(2834,202,41,100,0.05),(2835,202,19,1,0.00),(2836,39,110,2,0.02),(2837,66,36,12,0.11),(2838,66,35,2,0.02),(2839,66,89,1,0.01),(2840,109,39,74,0.06),(2841,109,75,9,0.01),(2842,93,118,1,0.00),(2843,64,38,224,0.16),(2844,64,91,5,0.00),(2845,63,42,23,0.04),(2846,62,41,11,0.04),(2847,62,37,11,0.04),(2848,214,18,33,0.12),(2849,92,6,62,0.00),(2850,181,44,822,0.23),(2851,181,56,1,0.00),(2852,121,57,3,0.00),(2853,201,52,8,0.01),(2854,213,119,5,0.01),(2855,219,54,3,0.00),(2856,141,74,2600,0.26),(2857,141,18,1675,0.17),(2858,217,41,24,0.01),(2859,91,14,20,0.01),(2860,180,18,327,0.09),(2861,180,75,8,0.00),(2862,180,64,7,0.00),(2863,178,35,22,0.01),(2864,177,45,129,0.05),(2865,176,61,540,0.04),(2866,51,100,21,0.06),(2867,30,5,24,0.05),(2868,30,39,2,0.00),(2869,174,74,251,0.39),(2870,173,11,10,0.04),(2871,173,6,1,0.00),(2872,139,62,59,0.09),(2873,139,35,20,0.03),(2874,138,115,687,0.07),(2875,138,47,248,0.03),(2876,138,117,18,0.00),(2877,172,146,1,0.00),(2878,189,65,174,0.02),(2879,189,64,45,0.00),(2880,189,119,20,0.00),(2881,189,52,11,0.00),(2882,104,47,204,0.07),(2883,114,118,4,0.00),(2884,170,115,167,0.10),(2885,103,62,344,0.10),(2886,103,55,8,0.00),(2887,169,80,4,0.00),(2888,198,75,42,0.02),(2889,198,55,6,0.00),(2890,198,5,1,0.00),(2891,197,77,1132,0.03),(2892,197,3,568,0.02),(2893,129,76,134,0.05),(2894,89,62,41,0.09),(2895,88,118,39,0.00),(2896,88,57,30,0.00),(2897,120,11,83,0.10),(2898,208,62,28,0.05),(2899,119,66,2,0.00),(2900,196,19,4,0.00),(2901,196,22,3,0.00),(2902,108,62,64,0.08),(2903,108,11,5,0.01),(2904,49,102,17,0.13),(2905,49,86,6,0.05),(2906,102,76,1,0.00),(2907,195,41,45,0.05),(2908,127,35,17,0.02),(2909,165,46,16,0.12),(2910,48,11,18,0.05),(2911,163,77,7,0.00),(2912,191,44,307,0.16),(2913,124,11,162,0.04),(2914,124,54,32,0.01),(2915,207,76,14,0.01),(2916,44,106,3,0.01),(2917,44,19,3,0.01),(2918,17,35,2,0.00),(2919,79,14,19,0.02),(2920,79,56,5,0.00),(2921,162,74,23,0.01),(2922,162,11,17,0.01),(2923,68,18,667,0.12),(2924,68,60,1,0.00),(2925,118,18,827,0.04),(2926,69,36,3319,0.11),(2927,69,11,2440,0.08),(2928,69,95,1,0.00),(2929,16,107,16,0.01),(2930,16,84,2,0.00),(2931,211,75,12,0.00),(2932,188,45,13,0.03),(2933,45,82,219,0.11),(2934,29,6,10,0.06),(2935,29,39,2,0.01),(2936,55,112,161,0.04),(2937,101,98,10,0.01),(2938,13,19,6,0.01),(2939,156,18,435,0.16),(2940,156,47,355,0.13),(2941,156,45,183,0.07),(2942,156,74,32,0.01),(2943,156,50,3,0.00),(2944,206,35,79,0.12),(2945,206,3,1,0.00),(2946,187,14,40,0.02),(2947,210,35,14,0.04),(2948,210,55,1,0.00),(2949,154,74,4,0.00),(2950,19,68,10,0.07),(2951,107,74,163,0.28),(2952,106,115,2,0.00),(2953,99,115,2,0.00),(2954,106,115,2,0.00),(2955,99,115,2,0.00),(2956,98,119,5,0.00),(2957,111,118,1,0.00),(2958,151,41,30,0.00),(2959,151,78,2,0.00),(2960,150,45,54,0.03),(2961,149,47,57,0.07),(2962,149,41,39,0.05),(2963,226,119,3732,0.06),(2964,226,77,155,0.00),(2965,225,117,2,0.00),(2966,224,79,5,0.01),(2967,97,41,142,0.18),(2968,97,29,1,0.00),(2969,116,57,3,0.01),(2970,223,14,156,0.01),(2971,223,62,1,0.00),(2972,59,5,1,0.00),(2973,26,5,2,0.01),(2974,36,82,75,0.14),(2975,35,112,1,0.00),(2976,81,39,15,0.12),(2977,74,41,5,0.04),(2978,33,68,5,0.00),(2979,96,6,3,0.00),(2980,147,55,13,0.00),(2981,145,62,56,0.04),(2982,56,165,39,0.04),(2983,203,78,2,0.00),(2984,144,97,3,0.00),(2985,144,118,1,0.00),(2986,184,117,12,0.00),(2987,143,74,233,0.39),(2988,209,64,1,0.00),(2989,209,76,1,0.00),(2990,110,146,3,0.00),(2991,110,117,1,0.00),(2992,222,18,992,0.05),(2993,183,119,2,0.00),(2994,202,117,7,0.00),(2995,109,65,60,0.05),(2996,109,35,51,0.04),(2997,109,77,1,0.00),(2998,93,14,8,0.02),(2999,65,38,31,0.20),(3000,65,91,3,0.02),(3001,65,40,2,0.01),(3002,65,88,2,0.01),(3003,92,14,206,0.01),(3004,92,146,3,0.00),(3005,112,57,57,0.02),(3006,220,55,16,0.01),(3007,220,41,13,0.01),(3008,181,52,22,0.01),(3009,121,75,24,0.02),(3010,121,65,8,0.01),(3011,212,11,2,0.01),(3012,91,74,850,0.36),(3013,200,35,3,0.01),(3014,179,64,8,0.00),(3015,177,57,16,0.01),(3016,176,74,2582,0.21),(3017,176,146,2,0.00),(3018,51,85,15,0.04),(3019,173,39,24,0.10),(3020,173,52,1,0.00),(3021,138,3,4,0.00),(3022,43,109,197,0.08),(3023,42,22,1,0.00),(3024,137,35,4,0.00),(3025,137,57,2,0.00),(3026,90,80,2,0.00),(3027,190,64,1,0.00),(3028,199,119,61,0.04),(3029,171,62,391,0.06),(3030,171,6,27,0.00),(3031,171,44,6,0.00),(3032,134,64,2,0.01),(3033,189,98,2,0.00),(3034,189,146,1,0.00),(3035,104,65,58,0.02),(3036,114,55,4,0.00),(3037,103,75,22,0.01),(3038,103,115,1,0.00),(3039,192,6,8,0.01),(3040,41,101,19,0.08),(3041,131,77,6,0.00),(3042,89,41,10,0.02),(3043,128,47,41,0.04),(3044,208,6,2,0.00),(3045,119,35,43,0.03),(3046,119,116,1,0.00),(3047,196,74,5463,0.34),(3048,196,50,2,0.00),(3049,108,35,4,0.00),(3050,49,6,14,0.11),(3051,18,14,493,0.04),(3052,71,57,61,0.00),(3053,71,6,54,0.00),(3054,102,57,4,0.00),(3055,87,18,2270,0.11),(3056,87,39,1742,0.08),(3057,86,45,25,0.03),(3058,127,45,31,0.03),(3059,127,118,6,0.01),(3060,127,50,1,0.00),(3061,166,55,2,0.01),(3062,20,70,46,0.13),(3063,191,51,3,0.00),(3064,126,77,9,0.00),(3065,47,12,52,0.09),(3066,124,57,53,0.01),(3067,124,99,1,0.00),(3068,70,39,16,0.05),(3069,44,105,9,0.03),(3070,17,5,29,0.04),(3071,79,47,63,0.06),(3072,160,64,1,0.00),(3073,161,46,112,0.12),(3074,194,75,4,0.02),(3075,194,14,1,0.00),(3076,68,89,15,0.00),(3077,118,77,17,0.00),(3078,118,57,14,0.00),(3079,69,92,7,0.00),(3080,16,104,37,0.03),(3081,16,105,26,0.02),(3082,45,121,1,0.00),(3083,29,5,18,0.10),(3084,55,12,345,0.08),(3085,101,49,39,0.04),(3086,101,14,4,0.00),(3087,101,54,1,0.00),(3088,28,18,18,0.01),(3089,40,101,34,0.12),(3090,156,59,16,0.01),(3091,206,6,20,0.03),(3092,206,52,8,0.01),(3093,60,82,70,0.12),(3094,60,113,25,0.04),(3095,122,18,162,0.05),(3096,122,55,4,0.00),(3097,27,127,420,0.13),(3098,100,11,92,0.02),(3099,100,55,17,0.00),(3100,154,66,24,0.01),(3101,154,57,6,0.00),(3102,154,55,1,0.00),(3103,117,77,4,0.00),(3104,107,61,74,0.13),(3105,107,47,54,0.09),(3106,106,52,1,0.00),(3107,99,52,1,0.00),(3108,106,52,1,0.00),(3109,99,52,1,0.00),(3110,153,49,1,0.00),(3111,52,107,1,0.01),(3112,150,39,37,0.02),(3113,57,39,4,0.02),(3114,226,64,139,0.00),(3115,225,65,22,0.00),(3116,223,5,1619,0.12),(3117,23,3,64,0.00),(3118,59,35,21,0.07),(3119,59,85,8,0.03),(3120,81,18,20,0.16),(3121,83,64,17,0.02),(3122,74,23,7,0.05),(3123,148,46,118,0.05),(3124,33,14,6,0.00),(3125,96,52,6,0.00),(3126,146,29,2,0.00),(3127,145,76,1,0.00),(3128,203,46,737,0.09),(3129,203,74,27,0.00),(3130,203,60,1,0.00),(3131,94,77,1,0.00),(3132,144,65,41,0.03),(3133,184,5,29,0.00),(3134,143,118,1,0.00),(3135,222,11,315,0.02),(3136,221,41,638,0.02),(3137,221,77,114,0.00),(3138,82,61,25,0.21),(3139,183,45,225,0.05),(3140,183,118,4,0.00),(3141,39,101,10,0.08),(3142,66,18,29,0.25),(3143,66,90,2,0.02),(3144,66,96,2,0.02),(3145,109,97,7,0.01),(3146,109,6,5,0.00),(3147,142,119,3,0.01),(3148,53,12,68,0.11),(3149,53,6,23,0.04),(3150,65,18,16,0.10),(3151,62,39,44,0.18),(3152,182,119,19,0.03),(3153,112,116,12,0.00),(3154,220,39,159,0.09),(3155,181,14,63,0.02),(3156,212,44,41,0.11),(3157,212,47,38,0.11),(3158,212,5,10,0.03),(3159,212,57,5,0.01),(3160,200,62,25,0.06),(3161,32,11,25,0.11),(3162,180,74,909,0.25),(3163,179,119,11,0.00),(3164,179,116,1,0.00),(3165,31,94,9,0.01),(3166,177,51,1,0.00),(3167,51,5,19,0.05),(3168,51,113,4,0.01),(3169,174,62,85,0.13),(3170,43,85,1,0.00),(3171,172,35,29,0.00),(3172,90,76,2,0.00),(3173,190,35,179,0.05),(3174,190,80,1,0.00),(3175,199,64,4,0.00),(3176,199,54,1,0.00),(3177,171,18,604,0.09),(3178,171,53,6,0.00),(3179,171,49,6,0.00),(3180,134,39,5,0.02),(3181,189,51,3,0.00),(3182,104,52,1,0.00),(3183,103,11,62,0.02),(3184,103,54,1,0.00),(3185,132,18,193,0.08),(3186,132,54,1,0.00),(3187,169,54,1,0.00),(3188,169,22,1,0.00),(3189,115,51,7,0.01),(3190,208,116,2,0.00),(3191,123,97,2,0.00),(3192,108,118,3,0.00),(3193,71,39,666,0.04),(3194,71,41,273,0.02),(3195,87,74,5213,0.24),(3196,195,97,2,0.00),(3197,127,66,55,0.06),(3198,166,74,49,0.31),(3199,166,35,18,0.12),(3200,165,50,1,0.01),(3201,48,16,1,0.00),(3202,20,72,92,0.26),(3203,163,65,6,0.00),(3204,191,48,230,0.12),(3205,191,74,1,0.00),(3206,125,41,96,0.13),(3207,125,65,21,0.03),(3208,47,82,101,0.18),(3209,47,22,4,0.01),(3210,58,102,24,0.10),(3211,17,18,4,0.01),(3212,79,38,1,0.00),(3213,160,6,12,0.00),(3214,161,39,17,0.02),(3215,194,76,7,0.03),(3216,68,23,464,0.09),(3217,68,91,6,0.00),(3218,118,35,2520,0.11),(3219,118,3,48,0.00),(3220,118,38,33,0.00),(3221,118,60,1,0.00),(3222,15,67,2,0.00),(3223,113,41,299,0.08),(3224,113,45,186,0.05),(3225,211,5,8,0.00),(3226,159,97,1,0.00),(3227,45,39,11,0.01),(3228,46,11,15,0.09),(3229,101,61,4,0.00),(3230,28,111,5,0.00),(3231,40,107,8,0.03),(3232,155,11,6,0.01),(3233,122,64,2,0.00),(3234,122,66,1,0.00),(3235,100,65,37,0.01),(3236,100,52,24,0.01),(3237,100,77,12,0.00),(3238,14,103,26,0.19),(3239,187,41,4,0.00),(3240,204,58,1,0.00),(3241,19,72,44,0.32),(3242,106,47,129,0.03),(3243,99,47,129,0.03),(3244,106,11,71,0.02),(3245,99,11,71,0.02),(3246,106,47,129,0.03),(3247,99,47,129,0.03),(3248,106,11,71,0.02),(3249,99,11,71,0.02),(3250,98,74,2309,0.40),(3251,111,77,5,0.00),(3252,151,38,4,0.00),(3253,226,62,3806,0.06),(3254,226,39,2750,0.04),(3255,226,6,620,0.01),(3256,226,97,2,0.00),(3257,225,55,26,0.00),(3258,224,41,69,0.10),(3259,224,75,2,0.00),(3260,116,55,3,0.01),(3261,116,49,1,0.00),(3262,223,41,250,0.02),(3263,105,47,154,0.06),(3264,105,62,122,0.05),(3265,105,6,47,0.02),(3266,105,14,6,0.00),(3267,35,101,16,0.07),(3268,35,105,3,0.01),(3269,76,23,24,0.04),(3270,76,88,2,0.00),(3271,72,96,1,0.00),(3272,96,41,124,0.03),(3273,96,77,42,0.01),(3274,96,14,11,0.00),(3275,145,41,52,0.04),(3276,145,52,5,0.00),(3277,56,39,12,0.01),(3278,203,49,337,0.04),(3279,203,51,38,0.00),(3280,203,63,24,0.00),(3281,203,64,14,0.00),(3282,203,19,3,0.00),(3283,94,35,30,0.02),(3284,184,57,220,0.01),(3285,143,66,3,0.01),(3286,183,74,1050,0.22),(3287,183,66,139,0.03),(3288,39,104,10,0.08),(3289,39,6,10,0.08),(3290,109,45,86,0.07),(3291,109,66,75,0.06),(3292,65,43,2,0.01),(3293,214,41,19,0.07),(3294,214,65,4,0.01),(3295,92,76,138,0.01),(3296,92,55,51,0.00),(3297,112,52,7,0.00),(3298,112,19,1,0.00),(3299,220,47,121,0.07),(3300,220,14,10,0.01),(3301,181,6,9,0.00),(3302,121,18,73,0.06),(3303,219,44,48,0.04),(3304,219,22,1,0.00),(3305,217,74,650,0.37),(3306,140,74,777,0.35),(3307,140,61,196,0.09),(3308,140,41,33,0.01),(3309,180,62,145,0.04),(3310,179,18,327,0.08),(3311,179,62,127,0.03),(3312,178,74,1085,0.26),(3313,31,11,73,0.10),(3314,176,64,96,0.01),(3315,176,57,47,0.00),(3316,51,102,21,0.06),(3317,174,41,2,0.00),(3318,173,47,11,0.05),(3319,139,61,122,0.18),(3320,139,47,24,0.04),(3321,138,35,301,0.03),(3322,138,55,31,0.00),(3323,138,77,5,0.00),(3324,137,49,1,0.00),(3325,24,10,1,0.01),(3326,190,29,1,0.00),(3327,216,76,2,0.01),(3328,135,47,18,0.06),(3329,134,118,2,0.01),(3330,114,65,36,0.02),(3331,114,77,7,0.00),(3332,114,52,1,0.00),(3333,170,146,1,0.00),(3334,192,47,39,0.04),(3335,132,74,817,0.33),(3336,41,86,3,0.01),(3337,197,66,45,0.00),(3338,197,78,3,0.00),(3339,129,77,2,0.00),(3340,115,76,2,0.00),(3341,128,76,15,0.01),(3342,123,61,94,0.10),(3343,196,115,3,0.00),(3344,108,47,24,0.03),(3345,167,39,6,0.03),(3346,102,45,310,0.05),(3347,86,54,1,0.00),(3348,195,39,22,0.03),(3349,195,75,6,0.01),(3350,195,76,2,0.00),(3351,127,76,15,0.02),(3352,20,71,10,0.03),(3353,125,115,29,0.04),(3354,47,113,14,0.02),(3355,207,119,1,0.00),(3356,79,52,13,0.01),(3357,79,53,12,0.01),(3358,15,1,105,0.15),(3359,16,6,91,0.08),(3360,16,108,15,0.01),(3361,16,22,2,0.00),(3362,113,50,9,0.00),(3363,211,63,1,0.00),(3364,159,65,54,0.01),(3365,28,109,129,0.08),(3366,28,19,2,0.00),(3367,13,6,192,0.20),(3368,13,16,3,0.00),(3369,40,109,22,0.08),(3370,14,8,1,0.01),(3371,210,66,12,0.03),(3372,210,52,3,0.01),(3373,204,5,48,0.07),(3374,19,19,2,0.01),(3375,117,46,118,0.01),(3376,107,45,32,0.06),(3377,153,74,1534,0.25),(3378,153,118,3,0.00),(3379,98,18,646,0.11),(3380,52,102,2,0.02),(3381,152,14,2,0.01),(3382,111,6,10,0.00),(3383,151,52,8,0.00),(3384,57,41,1,0.01),(3385,149,11,74,0.09),(3386,227,55,17,0.00),(3387,225,41,487,0.08),(3388,224,47,14,0.02),(3389,224,19,1,0.00),(3390,97,35,6,0.01),(3391,97,75,3,0.00),(3392,193,65,20,0.01),(3393,37,111,13,0.00),(3394,223,58,21,0.00),(3395,223,61,2,0.00),(3396,26,16,1,0.00),(3397,105,45,71,0.03),(3398,105,3,29,0.01),(3399,105,55,4,0.00),(3400,67,39,32,0.22),(3401,67,38,16,0.11),(3402,81,96,1,0.01),(3403,83,11,89,0.11),(3404,25,11,11,0.04),(3405,61,35,17,0.01),(3406,33,17,5,0.00),(3407,33,159,3,0.00),(3408,147,39,403,0.13),(3409,95,41,20,0.01),(3410,95,19,1,0.00),(3411,56,82,148,0.15),(3412,56,105,82,0.09),(3413,203,53,24,0.00),(3414,94,115,12,0.01),(3415,144,62,45,0.03),(3416,110,65,10,0.00),(3417,222,14,400,0.02),(3418,222,38,3,0.00),(3419,21,32,1,0.00),(3420,221,146,6,0.00),(3421,53,113,16,0.03),(3422,93,76,1,0.00),(3423,64,18,205,0.15),(3424,64,23,1,0.00),(3425,62,38,30,0.12),(3426,92,62,1170,0.05),(3427,92,118,91,0.00),(3428,92,99,6,0.00),(3429,182,74,195,0.30),(3430,182,77,1,0.00),(3431,220,35,6,0.00),(3432,181,50,21,0.01),(3433,201,45,43,0.06),(3434,201,77,4,0.01),(3435,213,115,53,0.06),(3436,213,65,18,0.02),(3437,219,39,17,0.02),(3438,141,52,79,0.01),(3439,180,14,46,0.01),(3440,180,118,38,0.01),(3441,179,14,42,0.01),(3442,178,65,74,0.02),(3443,31,150,20,0.03),(3444,176,35,923,0.08),(3445,175,14,4,0.02),(3446,174,35,1,0.00),(3447,43,6,484,0.19),(3448,190,62,337,0.10),(3449,190,46,1,0.00),(3450,216,77,1,0.01),(3451,199,66,54,0.03),(3452,171,54,3,0.00),(3453,171,50,1,0.00),(3454,134,115,40,0.17),(3455,134,54,1,0.00),(3456,134,14,1,0.00),(3457,189,22,11,0.00),(3458,104,6,19,0.01),(3459,104,118,6,0.00),(3460,114,62,129,0.06),(3461,114,61,98,0.04),(3462,114,66,95,0.04),(3463,114,117,1,0.00),(3464,170,52,24,0.01),(3465,103,61,423,0.12),(3466,133,39,15,0.08),(3467,133,47,7,0.04),(3468,192,65,12,0.01),(3469,132,66,60,0.02),(3470,132,55,6,0.00),(3471,50,105,18,0.08),(3472,50,5,2,0.01),(3473,41,110,1,0.00),(3474,169,75,23,0.01),(3475,131,39,206,0.09),(3476,130,64,1,0.00),(3477,197,14,75,0.00),(3478,197,116,20,0.00),(3479,89,39,35,0.08),(3480,89,66,8,0.02),(3481,88,66,541,0.06),(3482,120,66,50,0.06),(3483,115,45,36,0.03),(3484,115,66,16,0.01),(3485,128,18,119,0.11),(3486,208,11,41,0.07),(3487,123,74,328,0.33),(3488,119,52,17,0.01),(3489,196,11,166,0.01),(3490,196,64,20,0.00),(3491,167,57,3,0.01),(3492,167,66,2,0.01),(3493,71,77,16,0.00),(3494,102,14,59,0.01),(3495,102,116,1,0.00),(3496,87,41,979,0.05),(3497,87,65,113,0.01),(3498,86,47,32,0.04),(3499,195,18,65,0.08),(3500,85,57,30,0.01),(3501,164,18,33,0.15),(3502,164,45,6,0.03),(3503,164,6,3,0.01),(3504,191,47,114,0.06),(3505,191,6,76,0.04),(3506,191,14,46,0.02),(3507,126,47,16,0.00),(3508,125,74,185,0.25),(3509,125,119,8,0.01),(3510,47,122,1,0.00),(3511,124,44,398,0.10),(3512,124,5,289,0.08),(3513,124,41,57,0.01),(3514,124,62,6,0.00),(3515,207,52,1,0.00),(3516,44,6,51,0.18),(3517,44,107,3,0.01),(3518,17,101,67,0.09),(3519,17,12,53,0.07),(3520,79,58,2,0.00),(3521,79,63,1,0.00),(3522,160,18,197,0.06),(3523,161,54,1,0.00),(3524,162,14,4,0.00),(3525,68,92,5,0.00),(3526,69,23,907,0.03),(3527,16,12,138,0.12),(3528,16,112,3,0.00),(3529,211,52,12,0.00),(3530,159,55,15,0.00),(3531,158,18,91,0.07),(3532,55,105,524,0.12),(3533,55,21,9,0.00),(3534,101,50,11,0.01),(3535,28,107,16,0.01),(3536,40,104,7,0.02),(3537,38,129,28,0.03),(3538,157,54,2,0.00),(3539,156,58,13,0.00),(3540,206,5,50,0.07),(3541,27,23,770,0.24),(3542,100,54,19,0.01),(3543,100,116,13,0.00),(3544,187,47,408,0.17),(3545,210,45,16,0.04),(3546,117,47,1921,0.20),(3547,117,74,44,0.00),(3548,107,55,2,0.00),(3549,218,65,21,0.02),(3550,153,62,557,0.09),(3551,98,57,25,0.00),(3552,152,41,7,0.02),(3553,111,11,7,0.00),(3554,151,46,476,0.07),(3555,226,115,5577,0.09),(3556,226,75,348,0.01),(3557,226,14,318,0.01),(3558,226,3,1,0.00),(3559,224,35,25,0.04),(3560,224,52,1,0.00),(3561,37,101,263,0.10),(3562,23,19,310,0.01),(3563,22,13,276,0.01),(3564,22,68,41,0.00),(3565,59,18,25,0.08),(3566,26,104,22,0.10),(3567,26,18,8,0.04),(3568,186,6,15,0.10),(3569,77,18,35,0.18),(3570,35,22,1,0.00),(3571,76,87,29,0.05),(3572,67,23,4,0.03),(3573,25,140,20,0.07),(3574,25,138,13,0.05),(3575,34,157,7,0.03),(3576,61,64,1,0.00),(3577,145,117,12,0.01),(3578,95,49,168,0.07),(3579,95,5,59,0.02),(3580,203,41,24,0.00),(3581,94,61,107,0.09),(3582,94,47,68,0.05),(3583,144,66,130,0.08),(3584,144,52,2,0.00),(3585,184,77,22,0.00),(3586,209,39,67,0.09),(3587,110,76,91,0.00),(3588,110,50,5,0.00),(3589,222,63,36,0.00),(3590,21,126,1,0.00),(3591,221,81,1,0.00),(3592,82,11,10,0.09),(3593,183,62,404,0.08),(3594,183,14,61,0.01),(3595,39,82,19,0.15),(3596,39,19,1,0.01),(3597,109,54,3,0.00),(3598,109,115,1,0.00),(3599,142,75,2,0.01),(3600,142,35,2,0.01),(3601,53,85,5,0.01),(3602,53,20,1,0.00),(3603,64,59,2,0.00),(3604,92,65,198,0.01),(3605,92,64,183,0.01),(3606,92,11,105,0.00),(3607,182,47,11,0.02),(3608,182,76,3,0.00),(3609,220,65,11,0.01),(3610,213,14,3,0.00),(3611,219,11,19,0.02),(3612,141,22,71,0.01),(3613,217,11,52,0.03),(3614,217,14,6,0.00),(3615,140,75,24,0.01),(3616,140,22,16,0.01),(3617,140,64,2,0.00),(3618,200,76,1,0.00),(3619,180,41,383,0.11),(3620,180,65,53,0.01),(3621,177,61,245,0.09),(3622,176,76,157,0.01),(3623,176,51,141,0.01),(3624,176,3,2,0.00),(3625,176,117,1,0.00),(3626,51,12,38,0.10),(3627,175,11,22,0.08),(3628,174,11,6,0.01),(3629,138,39,1199,0.12),(3630,138,65,91,0.01),(3631,42,108,83,0.06),(3632,137,6,2,0.00),(3633,190,74,1093,0.34),(3634,190,66,91,0.03),(3635,190,55,10,0.00),(3636,199,6,6,0.00),(3637,171,81,8,0.00),(3638,136,6,11,0.01),(3639,135,66,2,0.01),(3640,189,11,788,0.07),(3641,104,66,86,0.03),(3642,104,55,33,0.01),(3643,114,64,1,0.00),(3644,170,66,55,0.03),(3645,103,49,2,0.00),(3646,133,6,3,0.02),(3647,132,75,58,0.02),(3648,50,100,12,0.05),(3649,215,76,8,0.00),(3650,215,77,7,0.00),(3651,169,66,82,0.03),(3652,169,49,2,0.00),(3653,198,49,6,0.00),(3654,197,61,3117,0.08),(3655,197,19,275,0.01),(3656,88,18,765,0.08),(3657,88,29,6,0.00),(3658,115,77,1,0.00),(3659,115,19,1,0.00),(3660,123,57,5,0.01),(3661,119,41,8,0.01),(3662,119,65,6,0.00),(3663,196,49,3,0.00),(3664,18,5,1111,0.08),(3665,18,22,6,0.00),(3666,71,78,30,0.00),(3667,86,14,4,0.01),(3668,195,74,286,0.34),(3669,127,61,26,0.03),(3670,166,14,1,0.01),(3671,48,12,46,0.12),(3672,164,77,1,0.00),(3673,163,66,36,0.02),(3674,163,118,1,0.00),(3675,191,53,11,0.01),(3676,126,64,158,0.04),(3677,126,45,106,0.03),(3678,126,14,45,0.01),(3679,44,82,53,0.19),(3680,79,45,88,0.09),(3681,79,39,37,0.04),(3682,161,18,95,0.11),(3683,194,35,11,0.04),(3684,69,39,7276,0.24),(3685,16,19,26,0.02),(3686,113,115,25,0.01),(3687,113,117,5,0.00),(3688,211,118,1,0.00),(3689,159,50,1,0.00),(3690,45,83,57,0.03),(3691,29,84,2,0.01),(3692,101,45,15,0.02),(3693,28,103,21,0.01),(3694,157,63,1,0.00),(3695,156,77,2,0.00),(3696,206,11,1,0.00),(3697,155,53,2,0.00),(3698,60,11,44,0.07),(3699,27,138,171,0.05),(3700,27,11,101,0.03),(3701,100,61,401,0.11),(3702,100,14,7,0.00),(3703,100,6,6,0.00),(3704,187,6,10,0.00),(3705,187,19,1,0.00),(3706,210,77,1,0.00),(3707,204,41,7,0.01),(3708,154,3,20,0.01),(3709,154,50,1,0.00),(3710,19,15,10,0.07),(3711,107,35,49,0.08),(3712,152,45,8,0.02),(3713,111,74,1165,0.36),(3714,150,65,100,0.05),(3715,150,52,2,0.00),(3716,225,39,257,0.04),(3717,225,119,167,0.03),(3718,224,66,20,0.03),(3719,116,6,2,0.01),(3720,193,64,3,0.00),(3721,37,113,2,0.00),(3722,223,47,532,0.04),(3723,223,11,468,0.03),(3724,223,50,172,0.01),(3725,59,6,14,0.05),(3726,186,45,13,0.09),(3727,105,51,11,0.00),(3728,105,52,2,0.00),(3729,35,104,7,0.03),(3730,75,41,33,0.06),(3731,74,87,3,0.02),(3732,25,15,40,0.14),(3733,148,47,61,0.03),(3734,148,29,1,0.00),(3735,61,5,49,0.04),(3736,185,45,80,0.06),(3737,96,61,325,0.09),(3738,96,117,3,0.00),(3739,147,76,8,0.00),(3740,145,49,13,0.01),(3741,95,64,3,0.00),(3742,56,166,10,0.01),(3743,94,75,139,0.11),(3744,94,65,2,0.00),(3745,184,6,167,0.01),(3746,184,19,3,0.00),(3747,209,66,3,0.00),(3748,209,55,2,0.00),(3749,110,19,3,0.00),(3750,222,58,21,0.00),(3751,221,61,5279,0.19),(3752,221,3,8,0.00),(3753,183,41,335,0.07),(3754,183,54,5,0.00),(3755,39,107,2,0.02),(3756,109,11,8,0.01),(3757,53,18,88,0.14),(3758,65,41,17,0.11),(3759,64,41,90,0.07),(3760,64,88,9,0.01),(3761,214,61,28,0.10),(3762,92,50,11,0.00),(3763,112,80,2,0.00),(3764,220,74,647,0.37),(3765,181,57,2,0.00),(3766,181,78,2,0.00),(3767,181,62,1,0.00),(3768,121,45,9,0.01),(3769,121,55,7,0.01),(3770,213,74,346,0.39),(3771,141,54,19,0.00),(3772,141,6,19,0.00),(3773,217,45,107,0.06),(3774,91,75,59,0.02),(3775,140,39,53,0.02),(3776,179,52,3,0.00),(3777,179,57,1,0.00),(3778,178,119,13,0.00),(3779,178,52,1,0.00),(3780,177,39,89,0.03),(3781,177,116,2,0.00),(3782,51,107,1,0.00),(3783,30,82,39,0.08),(3784,173,75,25,0.10),(3785,138,97,1,0.00),(3786,137,61,179,0.12),(3787,137,52,4,0.00),(3788,190,115,5,0.00),(3789,216,45,3,0.02),(3790,216,35,1,0.01),(3791,171,116,12,0.00),(3792,171,46,9,0.00),(3793,136,116,2,0.00),(3794,135,74,122,0.39),(3795,104,18,205,0.07),(3796,103,78,2,0.00),(3797,103,81,2,0.00),(3798,192,14,15,0.01),(3799,41,107,5,0.02),(3800,169,14,17,0.01),(3801,131,35,16,0.01),(3802,197,62,3384,0.09),(3803,89,45,16,0.04),(3804,88,11,334,0.04),(3805,115,11,53,0.04),(3806,115,65,33,0.03),(3807,123,66,51,0.05),(3808,123,35,16,0.02),(3809,123,76,14,0.01),(3810,123,22,1,0.00),(3811,119,61,82,0.06),(3812,108,45,42,0.05),(3813,18,11,1885,0.14),(3814,71,62,478,0.03),(3815,87,47,737,0.03),(3816,86,35,7,0.01),(3817,195,47,34,0.04),(3818,166,45,1,0.01),(3819,48,100,24,0.06),(3820,48,21,1,0.00),(3821,191,46,202,0.10),(3822,126,54,23,0.01),(3823,47,35,6,0.01),(3824,58,105,25,0.11),(3825,70,36,4,0.01),(3826,17,19,2,0.00),(3827,79,49,28,0.03),(3828,79,29,1,0.00),(3829,160,74,1225,0.38),(3830,160,65,32,0.01),(3831,162,54,2,0.00),(3832,118,62,6,0.00),(3833,15,2,52,0.07),(3834,15,19,29,0.04),(3835,45,105,120,0.06),(3836,55,86,144,0.03),(3837,55,122,3,0.00),(3838,46,85,9,0.06),(3839,28,12,123,0.08),(3840,13,103,19,0.02),(3841,13,39,4,0.00),(3842,13,83,1,0.00),(3843,38,6,88,0.09),(3844,54,35,23,0.10),(3845,157,5,56,0.04),(3846,206,53,9,0.01),(3847,205,45,1318,0.14),(3848,60,39,2,0.00),(3849,60,112,1,0.00),(3850,100,47,674,0.18),(3851,14,144,2,0.01),(3852,204,49,32,0.04),(3853,204,47,20,0.03),(3854,154,48,418,0.14),(3855,154,97,5,0.00),(3856,218,47,197,0.15),(3857,218,22,1,0.00),(3858,106,41,134,0.03),(3859,99,41,134,0.03),(3860,106,41,134,0.03),(3861,99,41,134,0.03),(3862,153,39,630,0.10),(3863,153,14,51,0.01),(3864,153,46,3,0.00),(3865,98,39,676,0.12),(3866,152,61,50,0.15),(3867,152,62,39,0.11),(3868,111,47,116,0.04),(3869,111,14,10,0.00),(3870,151,63,3,0.00),(3871,150,74,490,0.25),(3872,150,54,81,0.04),(3873,227,45,254,0.05),(3874,227,52,16,0.00),(3875,37,16,1,0.00),(3876,223,54,21,0.00),(3877,22,19,310,0.01),(3878,59,103,40,0.13),(3879,186,58,1,0.01),(3880,76,39,136,0.24),(3881,76,42,20,0.04),(3882,81,41,19,0.15),(3883,81,11,14,0.11),(3884,74,36,19,0.14),(3885,34,23,5,0.02),(3886,185,5,42,0.03),(3887,185,52,12,0.01),(3888,147,41,58,0.02),(3889,147,22,1,0.00),(3890,147,49,1,0.00),(3891,146,61,59,0.04),(3892,95,44,445,0.18),(3893,95,35,271,0.11),(3894,95,59,1,0.00),(3895,56,5,3,0.00),(3896,203,50,41,0.01),(3897,203,22,4,0.00),(3898,94,39,82,0.07),(3899,94,66,1,0.00),(3900,184,64,65,0.00),(3901,143,75,13,0.02),(3902,143,65,3,0.01),(3903,209,54,1,0.00),(3904,222,22,10,0.00),(3905,221,74,6514,0.24),(3906,221,14,160,0.01),(3907,142,66,11,0.05),(3908,53,3,6,0.01),(3909,65,11,2,0.01),(3910,80,38,42,0.18),(3911,80,41,9,0.04),(3912,214,64,1,0.00),(3913,92,61,2711,0.11),(3914,92,53,4,0.00),(3915,112,41,8,0.00),(3916,121,74,411,0.36),(3917,121,47,79,0.07),(3918,201,61,22,0.03),(3919,213,57,1,0.00),(3920,212,38,2,0.01),(3921,91,77,4,0.00),(3922,91,76,4,0.00),(3923,140,116,84,0.04),(3924,140,45,47,0.02),(3925,180,115,401,0.11),(3926,179,41,500,0.12),(3927,179,54,6,0.00),(3928,176,41,1141,0.09),(3929,51,105,37,0.10),(3930,175,62,26,0.10),(3931,175,6,1,0.00),(3932,30,18,5,0.01),(3933,138,45,397,0.04),(3934,138,54,32,0.00),(3935,138,146,4,0.00),(3936,43,86,1,0.00),(3937,42,110,8,0.01),(3938,137,75,38,0.02),(3939,137,46,1,0.00),(3940,172,64,2,0.00),(3941,90,61,53,0.11),(3942,199,76,58,0.04),(3943,199,118,16,0.01),(3944,199,117,2,0.00),(3945,171,57,22,0.00),(3946,171,64,13,0.00),(3947,171,98,10,0.00),(3948,136,117,1,0.00),(3949,135,6,2,0.01),(3950,135,52,1,0.00),(3951,114,35,53,0.02),(3952,170,6,34,0.02),(3953,170,54,22,0.01),(3954,103,5,1,0.00),(3955,50,85,7,0.03),(3956,50,39,4,0.02),(3957,41,103,1,0.00),(3958,198,45,178,0.09),(3959,129,45,181,0.06),(3960,129,61,121,0.04),(3961,129,6,13,0.00),(3962,89,35,3,0.01),(3963,88,62,1060,0.12),(3964,208,65,1,0.00),(3965,108,54,2,0.00),(3966,167,74,63,0.30),(3967,167,41,6,0.03),(3968,18,6,1281,0.10),(3969,18,17,1,0.00),(3970,71,61,1997,0.13),(3971,102,75,476,0.07),(3972,102,118,2,0.00),(3973,87,146,1,0.00),(3974,195,62,42,0.05),(3975,85,45,263,0.06),(3976,85,54,24,0.01),(3977,85,6,11,0.00),(3978,127,115,116,0.12),(3979,127,65,9,0.01),(3980,165,49,10,0.07),(3981,163,97,2,0.00),(3982,163,116,1,0.00),(3983,191,64,2,0.00),(3984,124,52,26,0.01),(3985,124,29,6,0.00),(3986,207,66,29,0.02),(3987,207,75,6,0.01),(3988,17,109,22,0.03),(3989,160,76,24,0.01),(3990,160,5,1,0.00),(3991,161,53,21,0.02),(3992,161,5,14,0.02),(3993,194,41,5,0.02),(3994,118,66,25,0.00),(3995,69,41,2334,0.08),(3996,69,96,21,0.00),(3997,15,8,3,0.00),(3998,16,82,230,0.20),(3999,16,106,20,0.02),(4000,16,21,13,0.01),(4001,159,74,1105,0.28),(4002,188,57,2,0.00),(4003,158,62,143,0.12),(4004,158,14,11,0.01),(4005,158,52,1,0.00),(4006,29,104,6,0.03),(4007,29,110,6,0.03),(4008,55,82,506,0.11),(4009,55,16,3,0.00),(4010,101,35,177,0.19),(4011,101,99,1,0.00),(4012,101,41,1,0.00),(4013,28,82,262,0.17),(4014,38,127,62,0.06),(4015,156,48,1194,0.43),(4016,60,100,33,0.06),(4017,60,85,9,0.02),(4018,122,45,90,0.03),(4019,122,51,63,0.02),(4020,122,3,14,0.00),(4021,100,18,441,0.12),(4022,100,75,146,0.04),(4023,204,46,58,0.08),(4024,117,50,13,0.00),(4025,107,116,1,0.00),(4026,153,45,369,0.06),(4027,98,35,26,0.00),(4028,152,18,31,0.09),(4029,151,22,2,0.00),(4030,150,97,1,0.00),(4031,149,61,60,0.07),(4032,149,66,32,0.04),(4033,227,119,388,0.07),(4034,227,19,8,0.00),(4035,226,52,204,0.00),(4036,226,49,1,0.00),(4037,224,18,101,0.15),(4038,97,66,102,0.13),(4039,116,11,35,0.09),(4040,193,66,50,0.03),(4041,23,7,3954,0.17),(4042,59,113,5,0.02),(4043,186,35,3,0.02),(4044,186,52,2,0.01),(4045,36,107,3,0.01),(4046,35,110,4,0.02),(4047,148,35,395,0.18),(4048,34,155,29,0.13),(4049,96,47,162,0.04),(4050,96,66,73,0.02),(4051,96,22,2,0.00),(4052,147,61,380,0.12),(4053,147,77,7,0.00),(4054,146,66,114,0.08),(4055,146,75,5,0.00),(4056,146,52,2,0.00),(4057,145,45,78,0.05),(4058,145,54,9,0.01),(4059,145,51,1,0.00),(4060,95,50,106,0.04),(4061,95,39,55,0.02),(4062,95,58,3,0.00),(4063,203,38,6,0.00),(4064,94,18,170,0.14),(4065,94,49,3,0.00),(4066,144,117,1,0.00),(4067,184,115,1,0.00),(4068,209,45,28,0.04),(4069,209,77,1,0.00),(4070,110,97,2,0.00),(4071,222,47,1335,0.07),(4072,222,50,622,0.03),(4073,222,66,3,0.00),(4074,221,18,2896,0.11),(4075,221,39,1544,0.06),(4076,221,115,33,0.00),(4077,183,35,89,0.02),(4078,202,62,98,0.05),(4079,93,45,24,0.05),(4080,65,42,9,0.06),(4081,73,41,20,0.07),(4082,62,11,13,0.05),(4083,92,57,921,0.04),(4084,182,39,21,0.03),(4085,112,61,593,0.19),(4086,112,14,11,0.00),(4087,220,61,145,0.08),(4088,181,61,3,0.00),(4089,181,55,2,0.00),(4090,121,49,1,0.00),(4091,141,61,446,0.04),(4092,217,65,16,0.01),(4093,140,77,15,0.01),(4094,200,74,118,0.29),(4095,32,5,28,0.13),(4096,179,55,5,0.00),(4097,178,55,13,0.00),(4098,177,64,2,0.00),(4099,176,62,396,0.03),(4100,30,109,29,0.06),(4101,173,66,2,0.01),(4102,138,118,58,0.01),(4103,138,14,44,0.00),(4104,43,113,8,0.00),(4105,42,104,122,0.10),(4106,42,11,47,0.04),(4107,42,16,1,0.00),(4108,137,14,18,0.01),(4109,172,57,30,0.00),(4110,24,2,6,0.04),(4111,90,62,36,0.08),(4112,90,39,31,0.07),(4113,190,146,1,0.00),(4114,216,11,13,0.07),(4115,199,55,21,0.01),(4116,135,51,1,0.00),(4117,134,11,13,0.05),(4118,189,74,2151,0.20),(4119,189,54,13,0.00),(4120,114,6,5,0.00),(4121,114,19,2,0.00),(4122,103,146,1,0.00),(4123,133,45,4,0.02),(4124,132,116,1,0.00),(4125,50,35,3,0.01),(4126,41,6,44,0.20),(4127,41,102,20,0.09),(4128,41,18,5,0.02),(4129,131,66,63,0.03),(4130,130,14,2,0.00),(4131,198,74,613,0.30),(4132,197,45,841,0.02),(4133,197,65,112,0.00),(4134,197,53,3,0.00),(4135,120,97,6,0.01),(4136,120,65,1,0.00),(4137,115,54,1,0.00),(4138,208,146,1,0.00),(4139,123,118,2,0.00),(4140,168,74,42,0.31),(4141,168,65,4,0.03),(4142,196,45,1085,0.07),(4143,108,115,22,0.03),(4144,102,61,910,0.13),(4145,87,35,2599,0.12),(4146,87,61,1816,0.08),(4147,87,66,102,0.00),(4148,87,51,3,0.00),(4149,127,54,1,0.00),(4150,48,86,34,0.09),(4151,48,85,6,0.02),(4152,48,112,1,0.00),(4153,164,66,5,0.02),(4154,126,75,5,0.00),(4155,124,18,230,0.06),(4156,124,39,17,0.00),(4157,70,7,55,0.19),(4158,17,106,52,0.07),(4159,79,44,103,0.10),(4160,79,5,67,0.07),(4161,79,62,1,0.00),(4162,162,65,3,0.00),(4163,118,11,791,0.03),(4164,113,80,1,0.00),(4165,158,39,87,0.07),(4166,158,45,28,0.02),(4167,45,6,392,0.20),(4168,101,64,2,0.00),(4169,13,86,83,0.09),(4170,13,5,35,0.04),(4171,13,102,10,0.01),(4172,40,12,51,0.18),(4173,54,11,10,0.04),(4174,157,18,74,0.05),(4175,122,19,11,0.00),(4176,122,53,4,0.00),(4177,14,2,12,0.09),(4178,14,15,8,0.06),(4179,187,45,167,0.07),(4180,210,47,32,0.08),(4181,204,44,101,0.14),(4182,154,35,46,0.01),(4183,107,18,65,0.11),(4184,106,75,19,0.00),(4185,99,75,19,0.00),(4186,106,97,4,0.00),(4187,99,97,4,0.00),(4188,106,75,19,0.00),(4189,99,75,19,0.00),(4190,106,97,4,0.00),(4191,99,97,4,0.00),(4192,151,47,180,0.03),(4193,57,5,8,0.04),(4194,149,74,273,0.32),(4195,226,11,3494,0.06),(4196,226,116,1,0.00),(4197,225,76,144,0.02),(4198,193,75,27,0.02),(4199,37,35,8,0.00),(4200,37,122,1,0.00),(4201,223,64,26,0.00),(4202,23,16,508,0.02),(4203,23,13,276,0.01),(4204,59,100,28,0.09),(4205,105,41,303,0.12),(4206,105,18,200,0.08),(4207,105,61,63,0.02),(4208,105,64,6,0.00),(4209,36,5,14,0.03),(4210,36,3,1,0.00),(4211,72,64,14,0.03),(4212,74,64,2,0.02),(4213,148,64,7,0.00),(4214,148,58,3,0.00),(4215,34,18,45,0.21),(4216,33,125,456,0.08),(4217,96,62,589,0.15),(4218,96,54,1,0.00),(4219,147,75,39,0.01),(4220,147,14,19,0.01),(4221,147,81,1,0.00),(4222,146,35,76,0.05),(4223,95,29,2,0.00),(4224,184,62,1446,0.09),(4225,184,39,681,0.04),(4226,184,14,354,0.02),(4227,143,22,1,0.00),(4228,209,35,9,0.01),(4229,110,45,318,0.02),(4230,110,61,131,0.01),(4231,21,11,473,0.12),(4232,221,35,2390,0.09),(4233,221,63,75,0.00),(4234,221,5,64,0.00),(4235,221,98,18,0.00),(4236,221,50,4,0.00),(4237,82,75,1,0.01),(4238,183,116,13,0.00),(4239,66,64,2,0.02),(4240,93,41,15,0.03),(4241,93,55,11,0.02),(4242,93,65,9,0.02),(4243,64,39,288,0.21),(4244,64,37,33,0.02),(4245,80,42,15,0.06),(4246,214,45,8,0.03),(4247,214,55,2,0.01),(4248,92,46,18,0.00),(4249,182,57,2,0.00),(4250,112,49,7,0.00),(4251,220,57,2,0.00),(4252,181,64,5,0.00),(4253,213,52,1,0.00),(4254,212,78,4,0.01),(4255,217,62,74,0.04),(4256,217,19,1,0.00),(4257,91,39,161,0.07),(4258,140,54,1,0.00),(4259,200,39,25,0.06),(4260,200,66,20,0.05),(4261,180,39,171,0.05),(4262,178,77,10,0.00),(4263,31,149,140,0.19),(4264,177,41,240,0.09),(4265,176,54,29,0.00),(4266,174,61,53,0.08),(4267,174,75,3,0.00),(4268,174,118,3,0.00),(4269,174,55,2,0.00),(4270,173,45,5,0.02),(4271,138,11,377,0.04),(4272,138,75,58,0.01),(4273,43,11,47,0.02),(4274,90,18,73,0.15),(4275,90,45,7,0.01),(4276,90,66,1,0.00),(4277,190,45,84,0.03),(4278,190,50,1,0.00),(4279,216,66,4,0.02),(4280,199,75,12,0.01),(4281,171,45,279,0.04),(4282,171,55,52,0.01),(4283,171,51,1,0.00),(4284,136,49,2,0.00),(4285,189,39,356,0.03),(4286,189,14,59,0.01),(4287,104,41,284,0.09),(4288,104,14,33,0.01),(4289,114,41,245,0.11),(4290,170,41,61,0.04),(4291,192,61,113,0.11),(4292,132,41,202,0.08),(4293,130,66,23,0.05),(4294,198,11,3,0.00),(4295,198,54,2,0.00),(4296,197,74,9350,0.25),(4297,197,6,830,0.02),(4298,89,97,1,0.00),(4299,88,65,114,0.01),(4300,120,61,60,0.07),(4301,128,74,248,0.23),(4302,128,52,1,0.00),(4303,128,80,1,0.00),(4304,168,39,15,0.11),(4305,168,45,2,0.01),(4306,168,75,1,0.01),(4307,168,6,1,0.01),(4308,119,77,7,0.01),(4309,119,81,1,0.00),(4310,196,51,6,0.00),(4311,167,76,10,0.05),(4312,167,11,8,0.04),(4313,167,75,1,0.00),(4314,18,16,292,0.02),(4315,102,35,74,0.01),(4316,87,57,612,0.03),(4317,87,55,45,0.00),(4318,87,76,13,0.00),(4319,195,64,6,0.01),(4320,195,52,1,0.00),(4321,85,146,1,0.00),(4322,127,11,21,0.02),(4323,127,75,12,0.01),(4324,165,45,4,0.03),(4325,20,22,1,0.00),(4326,163,55,17,0.01),(4327,191,66,1,0.00),(4328,47,130,1,0.00),(4329,124,74,235,0.06),(4330,124,48,224,0.06),(4331,124,51,148,0.04),(4332,58,113,5,0.02),(4333,207,65,9,0.01),(4334,84,18,20,0.13),(4335,78,18,20,0.13),(4336,84,38,9,0.06),(4337,78,38,9,0.06),(4338,84,18,20,0.13),(4339,78,18,20,0.13),(4340,84,38,9,0.06),(4341,78,38,9,0.06),(4342,162,47,640,0.19),(4343,162,35,28,0.01),(4344,194,11,7,0.03),(4345,68,22,3,0.00),(4346,118,97,5,0.00),(4347,118,98,1,0.00),(4348,69,35,1,0.00),(4349,15,6,37,0.05),(4350,113,116,10,0.00),(4351,113,77,8,0.00),(4352,211,22,8,0.00),(4353,159,3,29,0.01),(4354,159,5,1,0.00),(4355,188,14,6,0.01),(4356,158,66,50,0.04),(4357,45,100,7,0.00),(4358,38,126,82,0.08),(4359,38,128,58,0.06),(4360,54,82,39,0.17),(4361,157,77,1,0.00),(4362,156,39,78,0.03),(4363,156,49,18,0.01),(4364,156,11,14,0.01),(4365,206,50,15,0.02),(4366,155,14,16,0.03),(4367,60,105,49,0.08),(4368,14,141,7,0.05),(4369,187,54,23,0.01),(4370,210,65,5,0.01),(4371,210,116,1,0.00),(4372,204,52,1,0.00),(4373,154,11,136,0.04),(4374,154,41,17,0.01),(4375,154,64,2,0.00),(4376,19,5,4,0.03),(4377,107,6,6,0.01),(4378,106,61,208,0.05),(4379,99,61,208,0.05),(4380,106,55,6,0.00),(4381,99,55,6,0.00),(4382,106,61,208,0.05),(4383,99,61,208,0.05),(4384,106,55,6,0.00),(4385,99,55,6,0.00),(4386,152,39,26,0.08),(4387,111,76,13,0.00),(4388,151,58,7,0.00),(4389,151,29,5,0.00),(4390,57,12,22,0.11),(4391,57,85,6,0.03),(4392,226,18,7066,0.11),(4393,224,74,150,0.22),(4394,224,51,3,0.00),(4395,97,39,30,0.04),(4396,116,14,6,0.02),(4397,37,82,334,0.12),(4398,37,5,98,0.04),(4399,37,64,1,0.00),(4400,23,8,103,0.00),(4401,22,14,664,0.03),(4402,22,15,331,0.01),(4403,186,39,3,0.02),(4404,186,53,2,0.01),(4405,105,76,31,0.01),(4406,35,82,49,0.20),(4407,35,6,17,0.07),(4408,67,64,5,0.03),(4409,81,87,6,0.05),(4410,83,18,148,0.18),(4411,75,89,1,0.00),(4412,61,22,1,0.00),(4413,33,74,9,0.00),(4414,185,35,114,0.09),(4415,185,54,9,0.01),(4416,147,45,274,0.09),(4417,146,65,59,0.04),(4418,95,53,39,0.02),(4419,95,55,2,0.00),(4420,56,18,156,0.16),(4421,56,20,26,0.03),(4422,56,21,8,0.01),(4423,184,35,339,0.02),(4424,143,45,10,0.02),(4425,110,11,252,0.01),(4426,110,22,7,0.00),(4427,21,15,239,0.06),(4428,21,23,119,0.03),(4429,21,72,40,0.01),(4430,221,66,130,0.00),(4431,183,39,287,0.06),(4432,183,65,58,0.01),(4433,202,55,12,0.01),(4434,39,100,12,0.09),(4435,66,87,5,0.04),(4436,66,39,3,0.03),(4437,109,47,68,0.06),(4438,93,66,19,0.04),(4439,92,63,59,0.00),(4440,112,74,1030,0.33),(4441,181,48,357,0.10),(4442,121,14,7,0.01),(4443,201,66,7,0.01),(4444,201,55,5,0.01),(4445,213,54,1,0.00),(4446,219,35,56,0.05),(4447,141,64,17,0.00),(4448,217,76,1,0.00),(4449,91,55,13,0.01),(4450,140,47,156,0.07),(4451,140,57,4,0.00),(4452,179,77,1,0.00),(4453,178,29,1,0.00),(4454,176,115,1979,0.16),(4455,30,110,21,0.04),(4456,30,3,1,0.00),(4457,174,66,2,0.00),(4458,173,74,74,0.31),(4459,139,118,1,0.00),(4460,43,104,190,0.07),(4461,137,55,45,0.03),(4462,137,81,4,0.00),(4463,172,77,31,0.00),(4464,172,52,7,0.00),(4465,172,99,1,0.00),(4466,90,35,3,0.01),(4467,190,63,1,0.00),(4468,134,41,9,0.04),(4469,134,55,1,0.00),(4470,189,5,3,0.00),(4471,189,48,1,0.00),(4472,114,51,1,0.00),(4473,170,18,108,0.07),(4474,170,76,12,0.01),(4475,103,35,32,0.01),(4476,103,52,3,0.00),(4477,132,118,6,0.00),(4478,50,19,1,0.00),(4479,41,100,8,0.04),(4480,215,22,1,0.00),(4481,131,65,8,0.00),(4482,131,51,1,0.00),(4483,198,6,25,0.01),(4484,198,19,4,0.00),(4485,197,39,1112,0.03),(4486,197,57,766,0.02),(4487,197,98,7,0.00),(4488,129,52,1,0.00),(4489,88,47,186,0.02),(4490,88,6,13,0.00),(4491,88,51,1,0.00),(4492,88,64,1,0.00),(4493,88,97,1,0.00),(4494,120,57,5,0.01),(4495,120,35,3,0.00),(4496,120,19,3,0.00),(4497,115,118,1,0.00),(4498,128,14,29,0.03),(4499,208,14,5,0.01),(4500,123,115,3,0.00),(4501,119,74,414,0.32),(4502,196,6,601,0.04),(4503,108,74,305,0.38),(4504,71,74,6017,0.39),(4505,102,6,41,0.01),(4506,102,49,4,0.00),(4507,85,75,9,0.00),(4508,165,18,22,0.16),(4509,165,5,13,0.09),(4510,47,85,3,0.01),(4511,124,47,226,0.06),(4512,124,53,26,0.01),(4513,44,85,3,0.01),(4514,162,45,183,0.06),(4515,194,66,13,0.05),(4516,194,39,9,0.03),(4517,68,40,2,0.00),(4518,118,5,1766,0.08),(4519,118,58,88,0.00),(4520,69,91,19,0.00),(4521,15,5,157,0.23),(4522,15,21,2,0.00),(4523,16,11,90,0.08),(4524,113,18,417,0.11),(4525,159,51,17,0.00),(4526,159,63,2,0.00),(4527,158,41,131,0.11),(4528,45,120,21,0.01),(4529,45,20,5,0.00),(4530,55,35,161,0.04),(4531,55,64,8,0.00),(4532,46,105,27,0.17),(4533,38,125,186,0.18),(4534,157,45,69,0.05),(4535,157,66,3,0.00),(4536,206,54,3,0.00),(4537,205,25,1988,0.21),(4538,205,135,709,0.07),(4539,60,21,2,0.00),(4540,122,46,247,0.08),(4541,27,140,8,0.00),(4542,100,64,21,0.01),(4543,100,22,1,0.00),(4544,187,5,75,0.03),(4545,154,51,418,0.14),(4546,117,5,41,0.00),(4547,117,11,16,0.00),(4548,218,115,1,0.00),(4549,153,75,49,0.01),(4550,98,75,259,0.04),(4551,98,6,12,0.00),(4552,152,65,2,0.01),(4553,111,39,521,0.16),(4554,111,66,45,0.01),(4555,150,41,113,0.06),(4556,227,74,1303,0.25),(4557,224,39,17,0.02),(4558,116,47,12,0.03),(4559,37,104,100,0.04),(4560,37,107,26,0.01),(4561,37,103,20,0.01),(4562,223,49,279,0.02),(4563,223,51,227,0.02),(4564,23,17,1,0.00),(4565,59,82,39,0.13),(4566,105,74,482,0.19),(4567,35,11,16,0.07),(4568,72,18,88,0.17),(4569,74,18,32,0.24),(4570,148,41,22,0.01),(4571,148,56,2,0.00),(4572,61,101,9,0.01),(4573,185,41,12,0.01),(4574,185,14,11,0.01),(4575,96,63,1,0.00),(4576,96,81,1,0.00),(4577,147,35,51,0.02),(4578,147,78,4,0.00),(4579,146,115,110,0.08),(4580,146,51,58,0.04),(4581,146,19,7,0.00),(4582,145,35,97,0.07),(4583,95,52,4,0.00),(4584,56,12,99,0.10),(4585,203,48,1930,0.25),(4586,203,47,580,0.07),(4587,203,77,8,0.00),(4588,94,46,1,0.00),(4589,144,61,72,0.05),(4590,144,54,1,0.00),(4591,209,47,31,0.04),(4592,222,35,2749,0.14),(4593,222,52,26,0.00),(4594,202,116,1,0.00),(4595,39,3,3,0.02),(4596,66,43,8,0.07),(4597,109,18,125,0.10),(4598,63,36,137,0.24),(4599,62,36,56,0.23),(4600,62,43,5,0.02),(4601,214,39,14,0.05),(4602,182,14,10,0.02),(4603,112,55,9,0.00),(4604,181,22,8,0.00),(4605,213,75,28,0.03),(4606,213,77,4,0.00),(4607,212,54,2,0.01),(4608,219,53,4,0.00),(4609,219,29,1,0.00),(4610,91,66,92,0.04),(4611,200,61,25,0.06),(4612,179,47,150,0.03),(4613,177,14,58,0.02),(4614,176,14,114,0.01),(4615,175,41,4,0.02),(4616,138,74,1936,0.20),(4617,138,76,29,0.00),(4618,138,50,13,0.00),(4619,43,101,159,0.06),(4620,172,22,1,0.00),(4621,190,75,17,0.01),(4622,199,22,3,0.00),(4623,171,52,6,0.00),(4624,189,55,82,0.01),(4625,189,117,3,0.00),(4626,114,11,51,0.02),(4627,132,115,2,0.00),(4628,41,11,9,0.04),(4629,215,45,13,0.01),(4630,169,47,126,0.05),(4631,169,65,10,0.00),(4632,131,19,7,0.00),(4633,198,63,2,0.00),(4634,197,35,4405,0.12),(4635,197,55,96,0.00),(4636,129,11,225,0.08),(4637,88,74,2184,0.24),(4638,88,76,44,0.00),(4639,115,41,33,0.03),(4640,115,39,31,0.02),(4641,115,55,1,0.00),(4642,128,35,16,0.01),(4643,128,97,1,0.00),(4644,208,66,6,0.01),(4645,123,39,37,0.04),(4646,123,14,27,0.03),(4647,168,62,12,0.09),(4648,168,61,7,0.05),(4649,119,6,1,0.00),(4650,108,41,44,0.05),(4651,108,65,6,0.01),(4652,167,55,10,0.05),(4653,18,2,305,0.02),(4654,18,20,83,0.01),(4655,71,22,1,0.00),(4656,102,55,7,0.00),(4657,87,52,424,0.02),(4658,87,14,64,0.00),(4659,87,117,14,0.00),(4660,87,46,12,0.00),(4661,85,49,31,0.01),(4662,85,22,1,0.00),(4663,48,6,18,0.05),(4664,163,6,12,0.01),(4665,126,61,320,0.08),(4666,126,19,3,0.00),(4667,47,102,22,0.04),(4668,47,100,9,0.02),(4669,124,45,219,0.06),(4670,70,87,12,0.04),(4671,17,107,1,0.00),(4672,84,11,6,0.04),(4673,78,11,6,0.04),(4674,84,11,6,0.04),(4675,78,11,6,0.04),(4676,160,14,22,0.01),(4677,160,78,1,0.00),(4678,162,57,12,0.00),(4679,162,6,12,0.00),(4680,194,74,80,0.31),(4681,194,61,30,0.12),(4682,194,47,11,0.04),(4683,118,6,3444,0.15),(4684,69,90,12,0.00),(4685,113,57,61,0.02),(4686,113,76,15,0.00),(4687,211,45,326,0.07),(4688,211,6,14,0.00),(4689,159,35,46,0.01),(4690,188,47,43,0.10),(4691,188,35,3,0.01),(4692,45,19,1,0.00),(4693,101,18,75,0.08),(4694,13,18,71,0.08),(4695,40,11,27,0.10),(4696,40,108,11,0.04),(4697,40,111,4,0.01),(4698,157,35,127,0.09),(4699,156,22,4,0.00),(4700,206,74,1,0.00),(4701,205,15,961,0.10),(4702,205,17,72,0.01),(4703,155,35,90,0.17),(4704,27,13,181,0.06),(4705,14,9,1,0.01),(4706,187,55,9,0.00),(4707,210,11,1,0.00),(4708,154,58,15,0.00),(4709,117,54,7,0.00),(4710,107,65,30,0.05),(4711,106,74,633,0.16),(4712,99,74,633,0.16),(4713,106,66,132,0.03),(4714,99,66,132,0.03),(4715,106,74,633,0.16),(4716,99,74,633,0.16),(4717,106,66,132,0.03),(4718,99,66,132,0.03),(4719,98,41,93,0.02),(4720,98,115,3,0.00),(4721,52,39,1,0.01),(4722,152,57,3,0.01),(4723,111,61,388,0.12),(4724,57,100,8,0.04),(4725,149,62,46,0.05),(4726,226,22,122,0.00),(4727,225,61,186,0.03),(4728,225,77,17,0.00),(4729,224,65,5,0.01),(4730,224,57,2,0.00),(4731,97,115,100,0.13),(4732,97,62,24,0.03),(4733,97,47,13,0.02),(4734,116,61,40,0.10),(4735,116,39,35,0.09),(4736,223,53,63,0.00),(4737,223,74,4,0.00),(4738,223,55,3,0.00),(4739,22,147,61,0.00),(4740,186,46,12,0.08),(4741,186,5,4,0.03),(4742,186,51,3,0.02),(4743,105,77,1,0.00),(4744,77,11,20,0.10),(4745,35,100,25,0.10),(4746,35,19,3,0.01),(4747,72,87,23,0.05),(4748,83,42,24,0.03),(4749,148,18,170,0.08),(4750,148,11,48,0.02),(4751,148,45,37,0.02),(4752,148,53,12,0.01),(4753,61,39,5,0.00),(4754,33,160,1,0.00),(4755,95,66,2,0.00),(4756,95,97,1,0.00),(4757,94,99,1,0.00),(4758,143,47,92,0.16),(4759,110,47,895,0.05),(4760,222,97,3,0.00),(4761,21,5,923,0.23),(4762,221,49,219,0.01),(4763,183,76,83,0.02),(4764,202,57,22,0.01),(4765,39,103,7,0.05),(4766,39,11,5,0.04),(4767,109,52,4,0.00),(4768,142,41,10,0.05),(4769,142,19,1,0.00),(4770,53,19,3,0.00),(4771,73,36,67,0.23),(4772,80,39,42,0.18),(4773,92,115,509,0.02),(4774,182,35,28,0.04),(4775,112,45,97,0.03),(4776,220,115,7,0.00),(4777,181,99,1,0.00),(4778,217,61,230,0.13),(4779,217,47,74,0.04),(4780,200,65,7,0.02),(4781,200,6,4,0.01),(4782,179,61,388,0.09),(4783,179,6,21,0.00),(4784,176,75,16,0.00),(4785,176,29,3,0.00),(4786,175,66,5,0.02),(4787,175,55,1,0.00),(4788,138,22,25,0.00),(4789,138,19,7,0.00),(4790,43,21,1,0.00),(4791,42,101,127,0.10),(4792,42,86,5,0.00),(4793,137,39,58,0.04),(4794,137,65,1,0.00),(4795,172,18,831,0.13),(4796,172,49,3,0.00),(4797,24,4,12,0.08),(4798,190,41,142,0.04),(4799,216,18,32,0.17),(4800,216,116,1,0.01),(4801,199,52,1,0.00),(4802,171,39,363,0.05),(4803,136,61,147,0.09),(4804,104,61,130,0.04),(4805,114,74,765,0.33),(4806,170,14,4,0.00),(4807,133,66,11,0.06),(4808,132,76,1,0.00),(4809,215,66,6,0.00),(4810,169,74,702,0.26),(4811,169,55,64,0.02),(4812,131,74,695,0.30),(4813,198,35,102,0.05),(4814,198,51,1,0.00),(4815,129,64,4,0.00),(4816,88,14,28,0.00),(4817,88,119,16,0.00),(4818,208,47,66,0.11),(4819,196,35,310,0.02),(4820,108,39,51,0.06),(4821,167,62,33,0.16),(4822,71,66,41,0.00),(4823,71,19,2,0.00),(4824,102,46,1,0.00),(4825,87,45,1269,0.06),(4826,86,62,51,0.07),(4827,86,39,50,0.07),(4828,127,74,313,0.31),(4829,20,14,1,0.00),(4830,125,47,30,0.04),(4831,70,23,32,0.11),(4832,70,41,8,0.03),(4833,44,86,14,0.05),(4834,44,122,2,0.01),(4835,17,6,121,0.16),(4836,84,42,1,0.01),(4837,78,42,1,0.01),(4838,84,42,1,0.01),(4839,78,42,1,0.01),(4840,79,50,21,0.02),(4841,118,74,19,0.00),(4842,16,102,54,0.05),(4843,16,5,29,0.03),(4844,16,18,27,0.02),(4845,16,109,11,0.01),(4846,16,85,5,0.00),(4847,113,35,116,0.03),(4848,211,54,15,0.00),(4849,159,61,354,0.09),(4850,159,57,20,0.01),(4851,159,79,3,0.00),(4852,159,49,1,0.00),(4853,158,74,412,0.33),(4854,45,112,32,0.02),(4855,55,39,2,0.00),(4856,46,18,21,0.13),(4857,28,86,2,0.00),(4858,54,12,14,0.06),(4859,157,11,117,0.08),(4860,157,58,6,0.00),(4861,156,6,4,0.00),(4862,206,49,34,0.05),(4863,206,60,1,0.00),(4864,205,18,746,0.08),(4865,155,54,1,0.00),(4866,122,48,195,0.07),(4867,122,52,3,0.00),(4868,122,61,3,0.00),(4869,27,19,100,0.03),(4870,210,54,7,0.02),(4871,210,75,1,0.00),(4872,154,18,119,0.04),(4873,117,45,359,0.04),(4874,117,38,93,0.01),(4875,117,52,21,0.00),(4876,218,74,400,0.31),(4877,106,39,47,0.01),(4878,99,39,47,0.01),(4879,106,64,3,0.00),(4880,99,64,3,0.00),(4881,106,39,47,0.01),(4882,99,39,47,0.01),(4883,106,64,3,0.00),(4884,99,64,3,0.00),(4885,153,66,92,0.01),(4886,153,65,28,0.00),(4887,98,55,16,0.00),(4888,150,66,69,0.04),(4889,57,82,26,0.13),(4890,226,50,14,0.00),(4891,225,47,280,0.05),(4892,224,6,4,0.01),(4893,97,45,17,0.02),(4894,116,18,37,0.09),(4895,22,10,891,0.04),(4896,186,50,8,0.05),(4897,105,66,144,0.06),(4898,105,75,28,0.01),(4899,77,59,1,0.01),(4900,35,106,1,0.00),(4901,72,23,25,0.05),(4902,25,127,9,0.03),(4903,148,44,417,0.19),(4904,33,3,3,0.00),(4905,185,46,118,0.09),(4906,147,47,100,0.03),(4907,147,6,9,0.00),(4908,94,54,11,0.01),(4909,94,118,3,0.00),(4910,144,75,6,0.00),(4911,144,77,1,0.00),(4912,184,52,9,0.00),(4913,110,51,40,0.00),(4914,221,62,946,0.03),(4915,221,118,79,0.00),(4916,221,64,79,0.00),(4917,221,46,5,0.00),(4918,183,57,101,0.02),(4919,39,109,8,0.06),(4920,142,39,14,0.06),(4921,93,47,47,0.09),(4922,64,42,57,0.04),(4923,73,18,56,0.20),(4924,73,11,14,0.05),(4925,73,43,3,0.01),(4926,214,74,81,0.29),(4927,92,29,8,0.00),(4928,182,65,2,0.00),(4929,181,3,1,0.00),(4930,213,18,92,0.10),(4931,213,45,15,0.02),(4932,217,54,6,0.00),(4933,140,50,1,0.00),(4934,178,45,139,0.03),(4935,178,3,1,0.00),(4936,177,47,150,0.05),(4937,177,6,66,0.02),(4938,176,47,375,0.03),(4939,176,6,321,0.03),(4940,176,52,38,0.00),(4941,139,39,80,0.12),(4942,43,3,6,0.00),(4943,43,16,1,0.00),(4944,42,3,1,0.00),(4945,137,116,1,0.00),(4946,172,74,2126,0.33),(4947,172,11,39,0.01),(4948,172,116,23,0.00),(4949,172,81,1,0.00),(4950,24,7,6,0.04),(4951,24,8,6,0.04),(4952,90,65,2,0.00),(4953,90,77,1,0.00),(4954,90,11,1,0.00),(4955,190,19,2,0.00),(4956,199,115,156,0.10),(4957,199,47,142,0.09),(4958,171,77,27,0.00),(4959,136,55,10,0.01),(4960,136,79,1,0.00),(4961,135,115,29,0.09),(4962,189,63,4,0.00),(4963,170,45,17,0.01),(4964,103,18,320,0.09),(4965,133,18,21,0.11),(4966,192,18,105,0.10),(4967,192,62,59,0.06),(4968,192,76,7,0.01),(4969,132,61,179,0.07),(4970,169,35,22,0.01),(4971,131,45,89,0.04),(4972,197,49,91,0.00),(4973,129,55,69,0.02),(4974,89,75,14,0.03),(4975,120,41,104,0.13),(4976,120,14,6,0.01),(4977,123,41,83,0.08),(4978,123,55,3,0.00),(4979,168,18,19,0.14),(4980,168,115,10,0.07),(4981,168,11,2,0.01),(4982,119,75,123,0.10),(4983,119,39,43,0.03),(4984,119,57,5,0.00),(4985,119,64,4,0.00),(4986,167,18,26,0.12),(4987,87,54,220,0.01),(4988,195,11,70,0.08),(4989,195,6,1,0.00),(4990,85,62,165,0.04),(4991,48,105,32,0.08),(4992,164,47,15,0.07),(4993,164,65,3,0.01),(4994,164,14,1,0.00),(4995,20,68,20,0.06),(4996,163,74,589,0.35),(4997,163,41,133,0.08),(4998,126,41,420,0.10),(4999,126,18,230,0.06),(5000,124,19,16,0.00),(5001,79,59,2,0.00),(5002,160,19,1,0.00),(5003,160,80,1,0.00),(5004,69,59,6,0.00),(5005,16,86,47,0.04),(5006,113,74,870,0.23),(5007,113,11,231,0.06),(5008,211,11,121,0.03),(5009,211,65,103,0.02),(5010,211,19,3,0.00),(5011,159,80,2,0.00),(5012,188,18,54,0.13),(5013,188,98,1,0.00),(5014,188,119,1,0.00),(5015,158,35,13,0.01),(5016,29,22,3,0.02),(5017,55,85,85,0.02),(5018,28,108,94,0.06),(5019,13,113,29,0.03),(5020,40,100,7,0.02),(5021,54,20,1,0.00),(5022,156,65,2,0.00),(5023,206,44,93,0.14),(5024,155,41,3,0.01),(5025,60,102,44,0.07),(5026,100,76,17,0.00),(5027,14,5,1,0.01),(5028,187,44,220,0.09),(5029,187,74,16,0.01),(5030,107,62,10,0.02),(5031,218,62,80,0.06),(5032,218,55,2,0.00),(5033,106,77,2,0.00),(5034,99,77,2,0.00),(5035,106,77,2,0.00),(5036,99,77,2,0.00),(5037,153,55,132,0.02),(5038,153,48,1,0.00),(5039,153,115,1,0.00),(5040,152,74,127,0.37),(5041,152,35,2,0.01),(5042,111,55,32,0.01),(5043,150,57,4,0.00),(5044,149,51,3,0.00),(5045,227,64,13,0.00),(5046,225,57,99,0.02),(5047,97,64,1,0.00),(5048,193,39,38,0.03),(5049,37,6,469,0.17),(5050,223,66,3,0.00),(5051,23,2,216,0.01),(5052,23,21,3,0.00),(5053,26,103,2,0.01),(5054,77,41,15,0.08),(5055,77,40,7,0.04),(5056,36,104,23,0.04),(5057,36,21,1,0.00),(5058,34,153,3,0.01),(5059,61,103,111,0.09),(5060,147,98,1,0.00),(5061,145,18,158,0.11),(5062,145,39,37,0.02),(5063,56,100,71,0.07),(5064,203,44,1158,0.15),(5065,203,5,629,0.08),(5066,144,19,1,0.00),(5067,184,74,3725,0.23),(5068,184,66,264,0.02),(5069,209,11,4,0.01),(5070,110,77,22,0.00),(5071,222,45,1380,0.07),(5072,222,57,12,0.00),(5073,183,61,732,0.15),(5074,66,59,1,0.01),(5075,93,62,19,0.04),(5076,93,35,17,0.03),(5077,93,19,1,0.00),(5078,73,37,8,0.03),(5079,214,14,1,0.00),(5080,92,75,712,0.03),(5081,220,45,68,0.04),(5082,220,116,13,0.01),(5083,181,18,432,0.12),(5084,181,29,2,0.00),(5085,121,66,12,0.01),(5086,121,76,5,0.00),(5087,121,52,1,0.00),(5088,201,74,225,0.32),(5089,201,115,25,0.04),(5090,213,11,40,0.05),(5091,213,61,35,0.04),(5092,217,115,1,0.00),(5093,200,115,15,0.04),(5094,179,115,444,0.10),(5095,178,62,147,0.04),(5096,178,14,14,0.00),(5097,177,77,6,0.00),(5098,176,19,25,0.00),(5099,51,120,5,0.01),(5100,175,75,7,0.03),(5101,30,104,48,0.10),(5102,30,105,1,0.00),(5103,174,39,79,0.12),(5104,174,77,1,0.00),(5105,42,19,9,0.01),(5106,90,75,10,0.02),(5107,190,77,11,0.00),(5108,190,54,2,0.00),(5109,216,74,78,0.43),(5110,136,41,145,0.09),(5111,136,119,2,0.00),(5112,135,62,16,0.05),(5113,104,39,101,0.03),(5114,114,76,2,0.00),(5115,170,39,89,0.05),(5116,133,75,3,0.02),(5117,192,66,38,0.04),(5118,192,49,2,0.00),(5119,132,57,1,0.00),(5120,50,82,44,0.19),(5121,50,6,7,0.03),(5122,215,18,136,0.08),(5123,131,14,33,0.01),(5124,131,55,6,0.00),(5125,130,74,131,0.26),(5126,130,18,75,0.15),(5127,128,118,3,0.00),(5128,123,116,1,0.00),(5129,119,18,190,0.15),(5130,119,45,64,0.05),(5131,196,41,1899,0.12),(5132,196,62,1088,0.07),(5133,108,66,17,0.02),(5134,87,22,82,0.00),(5135,86,115,60,0.08),(5136,86,75,3,0.00),(5137,195,115,57,0.07),(5138,127,41,105,0.11),(5139,164,75,5,0.02),(5140,163,19,3,0.00),(5141,163,57,2,0.00),(5142,191,18,183,0.09),(5143,124,77,1,0.00),(5144,58,6,29,0.13),(5145,58,5,3,0.01),(5146,70,17,16,0.05),(5147,207,11,90,0.08),(5148,207,41,71,0.06),(5149,207,54,2,0.00),(5150,17,82,117,0.15),(5151,17,108,37,0.05),(5152,17,103,5,0.01),(5153,79,55,5,0.00),(5154,79,64,1,0.00),(5155,162,55,9,0.00),(5156,194,55,5,0.02),(5157,194,6,4,0.02),(5158,118,63,45,0.00),(5159,69,87,1040,0.03),(5160,69,94,7,0.00),(5161,69,40,3,0.00),(5162,69,93,3,0.00),(5163,16,101,98,0.08),(5164,113,64,2,0.00),(5165,211,61,645,0.14),(5166,188,74,152,0.36),(5167,188,64,4,0.01),(5168,158,11,82,0.07),(5169,29,109,1,0.01),(5170,55,18,749,0.17),(5171,55,6,346,0.08),(5172,55,5,84,0.02),(5173,55,22,2,0.00),(5174,28,11,68,0.04),(5175,40,102,14,0.05),(5176,38,3,5,0.00),(5177,54,105,21,0.09),(5178,155,39,5,0.01),(5179,122,5,326,0.11),(5180,187,46,224,0.09),(5181,187,57,7,0.00),(5182,210,18,37,0.09),(5183,210,97,1,0.00),(5184,154,45,8,0.00),(5185,154,52,6,0.00),(5186,107,41,6,0.01),(5187,218,18,140,0.11),(5188,52,6,10,0.10),(5189,52,113,2,0.02),(5190,52,3,2,0.02),(5191,152,75,8,0.02),(5192,151,19,3,0.00),(5193,150,11,102,0.05),(5194,57,11,25,0.12),(5195,149,55,1,0.00),(5196,226,74,13246,0.21),(5197,226,61,4143,0.07),(5198,225,35,82,0.01),(5199,116,75,1,0.00),(5200,193,61,142,0.10),(5201,193,57,1,0.00),(5202,223,97,1,0.00),(5203,26,109,14,0.06),(5204,36,100,38,0.07),(5205,148,3,16,0.01),(5206,33,13,618,0.11),(5207,185,6,5,0.00),(5208,96,74,1297,0.34),(5209,146,47,30,0.02),(5210,56,16,3,0.00),(5211,203,57,6,0.00),(5212,94,63,1,0.00),(5213,144,41,152,0.10),(5214,184,80,5,0.00),(5215,209,18,91,0.13),(5216,222,5,1831,0.09),(5217,21,125,12,0.00),(5218,221,55,124,0.00),(5219,183,80,17,0.00),(5220,183,52,14,0.00),(5221,183,19,13,0.00),(5222,109,55,2,0.00),(5223,142,74,76,0.34),(5224,142,61,14,0.06),(5225,142,11,7,0.03),(5226,53,100,42,0.07),(5227,93,61,90,0.17),(5228,93,54,2,0.00),(5229,64,87,2,0.00),(5230,92,47,2016,0.08),(5231,92,41,1589,0.06),(5232,182,11,60,0.09),(5233,182,115,40,0.06),(5234,182,61,24,0.04),(5235,112,62,106,0.03),(5236,181,38,6,0.00),(5237,213,66,20,0.02),(5238,212,53,1,0.00),(5239,141,57,213,0.02),(5240,141,66,153,0.02),(5241,141,119,31,0.00),(5242,141,29,4,0.00),(5243,217,49,2,0.00),(5244,91,18,266,0.11),(5245,91,57,3,0.00),(5246,140,35,302,0.13),(5247,140,11,60,0.03),(5248,140,51,9,0.00),(5249,32,16,1,0.00),(5250,180,35,56,0.02),(5251,180,52,1,0.00),(5252,31,129,7,0.01),(5253,175,65,2,0.01),(5254,175,35,1,0.00),(5255,30,102,8,0.02),(5256,173,41,7,0.03),(5257,43,18,147,0.06),(5258,43,107,20,0.01),(5259,172,62,451,0.07),(5260,172,45,232,0.04),(5261,172,14,23,0.00),(5262,90,55,4,0.01),(5263,190,39,135,0.04),(5264,216,115,2,0.01),(5265,171,5,13,0.00),(5266,136,77,5,0.00),(5267,136,52,2,0.00),(5268,135,41,2,0.01),(5269,134,74,65,0.27),(5270,134,47,10,0.04),(5271,189,57,134,0.01),(5272,170,61,101,0.06),(5273,170,3,1,0.00),(5274,133,65,2,0.01),(5275,50,18,38,0.16),(5276,169,45,73,0.03),(5277,131,57,5,0.00),(5278,197,115,46,0.00),(5279,129,14,21,0.01),(5280,123,64,1,0.00),(5281,168,14,2,0.01),(5282,18,12,272,0.02),(5283,18,3,2,0.00),(5284,71,146,1,0.00),(5285,102,18,436,0.06),(5286,102,65,27,0.00),(5287,102,77,9,0.00),(5288,87,5,24,0.00),(5289,85,115,581,0.13),(5290,127,14,6,0.01),(5291,166,61,12,0.08),(5292,165,35,13,0.09),(5293,48,113,8,0.02),(5294,20,19,28,0.08),(5295,163,35,12,0.01),(5296,126,55,50,0.01),(5297,125,77,1,0.00),(5298,47,105,51,0.09),(5299,47,103,1,0.00),(5300,124,35,521,0.14),(5301,124,14,46,0.01),(5302,58,3,2,0.01),(5303,58,39,2,0.01),(5304,70,13,2,0.01),(5305,44,100,27,0.10),(5306,44,35,6,0.02),(5307,79,35,88,0.09),(5308,79,48,59,0.06),(5309,79,3,2,0.00),(5310,79,61,1,0.00),(5311,161,44,210,0.23),(5312,161,11,13,0.01),(5313,162,64,15,0.00),(5314,162,50,9,0.00),(5315,162,52,4,0.00),(5316,118,29,41,0.00),(5317,69,89,33,0.00),(5318,16,114,1,0.00),(5319,113,75,79,0.02),(5320,211,39,45,0.01),(5321,211,77,20,0.00),(5322,188,61,59,0.14),(5323,188,66,13,0.03),(5324,55,107,8,0.00),(5325,46,35,10,0.06),(5326,13,85,13,0.01),(5327,13,84,1,0.00),(5328,54,100,6,0.03),(5329,54,85,4,0.02),(5330,206,56,1,0.00),(5331,205,125,538,0.06),(5332,155,64,1,0.00),(5333,122,65,1,0.00),(5334,14,11,19,0.14),(5335,14,16,1,0.01),(5336,210,62,25,0.06),(5337,210,14,8,0.02),(5338,210,118,1,0.00),(5339,154,47,60,0.02),(5340,117,39,469,0.05),(5341,218,41,25,0.02),(5342,106,62,83,0.02),(5343,99,62,83,0.02),(5344,106,50,1,0.00),(5345,99,50,1,0.00),(5346,106,62,83,0.02),(5347,99,62,83,0.02),(5348,106,50,1,0.00),(5349,99,50,1,0.00),(5350,98,118,10,0.00),(5351,98,99,1,0.00),(5352,52,5,1,0.01),(5353,151,55,2,0.00),(5354,227,54,7,0.00),(5355,226,76,268,0.00),(5356,226,51,68,0.00),(5357,97,118,7,0.01),(5358,37,100,225,0.08),(5359,223,3,11,0.00),(5360,23,14,664,0.03),(5361,26,108,13,0.06),(5362,186,11,18,0.12),(5363,105,19,2,0.00),(5364,77,90,1,0.01),(5365,36,11,32,0.06),(5366,35,18,9,0.04),(5367,35,111,2,0.01),(5368,72,41,37,0.07),(5369,75,87,16,0.03),(5370,148,51,29,0.01),(5371,185,53,22,0.02),(5372,185,77,2,0.00),(5373,96,35,17,0.00),(5374,146,39,47,0.03),(5375,145,55,3,0.00),(5376,95,48,525,0.21),(5377,95,11,8,0.00),(5378,56,11,26,0.03),(5379,203,62,8,0.00),(5380,94,45,79,0.06),(5381,94,57,17,0.01),(5382,144,18,161,0.10),(5383,144,6,2,0.00),(5384,143,41,5,0.01),(5385,209,52,4,0.01),(5386,110,41,1599,0.08),(5387,110,14,1,0.00),(5388,222,48,2313,0.12),(5389,221,48,1,0.00),(5390,202,76,7,0.00),(5391,142,18,27,0.12),(5392,64,40,48,0.04),(5393,64,43,11,0.01),(5394,214,66,18,0.06),(5395,182,6,12,0.02),(5396,112,77,26,0.01),(5397,220,49,2,0.00),(5398,181,5,163,0.05),(5399,219,46,122,0.11),(5400,141,115,616,0.06),(5401,91,62,156,0.07),(5402,200,14,5,0.01),(5403,180,11,248,0.07),(5404,180,77,3,0.00),(5405,180,51,1,0.00),(5406,178,76,44,0.01),(5407,178,64,27,0.01),(5408,31,5,2,0.00),(5409,176,11,420,0.03),(5410,176,22,2,0.00),(5411,175,47,12,0.05),(5412,30,107,8,0.02),(5413,139,11,9,0.01),(5414,138,119,3,0.00),(5415,43,108,94,0.04),(5416,42,6,104,0.08),(5417,137,47,151,0.10),(5418,137,54,1,0.00),(5419,172,55,125,0.02),(5420,90,52,2,0.00),(5421,216,75,4,0.02),(5422,216,47,4,0.02),(5423,171,79,1,0.00),(5424,136,35,32,0.02),(5425,135,119,10,0.03),(5426,134,45,5,0.02),(5427,189,35,502,0.05),(5428,189,75,20,0.00),(5429,189,53,1,0.00),(5430,170,47,112,0.07),(5431,170,77,6,0.00),(5432,103,57,5,0.00),(5433,103,118,4,0.00),(5434,192,57,1,0.00),(5435,197,52,328,0.01),(5436,197,64,59,0.00),(5437,197,80,48,0.00),(5438,197,29,5,0.00),(5439,129,18,297,0.10),(5440,129,66,149,0.05),(5441,89,11,22,0.05),(5442,115,47,130,0.10),(5443,128,61,103,0.10),(5444,128,55,13,0.01),(5445,168,47,8,0.06),(5446,168,35,1,0.01),(5447,196,117,2,0.00),(5448,167,61,28,0.13),(5449,49,12,20,0.16),(5450,71,35,136,0.01),(5451,85,119,302,0.07),(5452,166,39,9,0.06),(5453,191,35,297,0.15),(5454,191,49,83,0.04),(5455,191,19,1,0.00),(5456,47,6,36,0.06),(5457,47,5,6,0.01),(5458,124,50,27,0.01),(5459,70,42,1,0.00),(5460,207,115,33,0.03),(5461,44,12,30,0.11),(5462,44,104,6,0.02),(5463,17,110,38,0.05);
/*!40000 ALTER TABLE `attraction_features` ENABLE KEYS */;
UNLOCK TABLES;

--
-- Table structure for table `attractions`
--

DROP TABLE IF EXISTS `attractions`;
/*!40101 SET @saved_cs_client     = @@character_set_client */;
/*!50503 SET character_set_client = utf8mb4 */;
CREATE TABLE `attractions` (
  `id` int NOT NULL AUTO_INCREMENT,
  `content_id` int NOT NULL,
  `title` varchar(500) DEFAULT NULL,
  `content_type_id` int DEFAULT NULL,
  `area_code` int DEFAULT NULL,
  `si_gun_gu_code` int DEFAULT NULL,
  `first_image1` varchar(100) DEFAULT NULL,
  `first_image2` varchar(100) DEFAULT NULL,
  `map_level` int DEFAULT NULL,
  `latitude` decimal(20,17) DEFAULT NULL,
  `longitude` decimal(20,17) DEFAULT NULL,
  `tel` varchar(20) DEFAULT NULL,
  `addr1` varchar(100) DEFAULT NULL,
  `addr2` varchar(100) DEFAULT NULL,
  `homepage` varchar(1000) DEFAULT NULL,
  `overview` varchar(10000) DEFAULT NULL,
  PRIMARY KEY (`id`),
  UNIQUE KEY `attractions_content_id_UNIQUE` (`content_id`),
  KEY `attractions_typeid_to_types_typeid_fk_idx` (`content_type_id`),
  KEY `attractions_sido_to_sidos_code_fk_idx` (`area_code`),
  KEY `attractions_sigungu_to_guguns_gugun_fk_idx` (`si_gun_gu_code`),
  CONSTRAINT `attractions_area_to_sidos_code_fk` FOREIGN KEY (`area_code`) REFERENCES `sidos` (`sido_code`),
  CONSTRAINT `attractions_sigungu_to_guguns_gugun_fk` FOREIGN KEY (`si_gun_gu_code`) REFERENCES `guguns` (`gugun_code`),
  CONSTRAINT `attractions_typeid_to_types_typeid_fk` FOREIGN KEY (`content_type_id`) REFERENCES `contenttypes` (`id`)
) ENGINE=InnoDB AUTO_INCREMENT=256 DEFAULT CHARSET=utf8mb4 COLLATE=utf8mb4_0900_ai_ci;
/*!40101 SET character_set_client = @saved_cs_client */;

--
-- Dumping data for table `attractions`
--

LOCK TABLES `attractions` WRITE;
/*!40000 ALTER TABLE `attractions` DISABLE KEYS */;
INSERT INTO `attractions` VALUES (1,128961,'강변스파랜드',12,1,6,'http://tong.visitkorea.or.kr/cms/resource/98/3401698_image2_1.JPG','http://tong.visitkorea.or.kr/cms/resource/98/3401698_image3_1.JPG',6,37.53482663050000000,127.09161161810000000,'','서울특별시 광진구 구의강변로 45','(구의동)','<a href=\"http://ispaland.co.kr/\"target=\"_blank\" title=\"새창:강변스파랜드\">http://ispaland.co.kr/</a>','강변스파랜드는 지하 1·2층, 9917.4m²(3,000평) 규모의 사우나를 즐길 수 있는 대규모 스파 시설이다. 재래식 불한증막과 찜질방, 사우나 등의 시설 이용과 함께 한 차원 높은 문화공간 체험이 가능한 곳이다. 지하 2층은 사우나, 지하 1층은 공용 찜질방이다. 세련된 인테리어와 유황 성분이 함유된 지하수 사우나 물은 매끄럽고 피부에도 좋다고 한다. 재래식 소나무장작불한증막, 넓은 공용 홀을 비롯하여 숯방, 소금방, 은피라미드방, 여성전용황토불가마, 황토방, 이글루체험방 등 다양한 찜질방과 온탕, 냉탕, 아쿠아워킹·마사지탕, 습식사우나, 건식사우나 등 각종 사우나시설을 즐길 수 있다. 부대시설로는 모임방, 어린이놀이방, 당구장, 탁구장, 대형게임장, 충전카페, 피부관리실이 있으며 한식당과 치킨·스낵코너에서 식사와 간단한 요깃거리를 해결할 수 있다.  강변스파랜드는 수도권 지하철 2호선 강변역 4번 출구에서 약 340m 정도 떨어진 위치에 있다.'),(2,2733966,'거리공원',12,1,7,'http://tong.visitkorea.or.kr/cms/resource/86/2780786_image2_1.png','http://tong.visitkorea.or.kr/cms/resource/86/2780786_image2_1.png',6,37.49979933520000000,126.89161415510000000,'','서울특별시 구로구 공원로 28','(구로동)','','구로구(九老區)는 옛날에 노인 9명이 오래도록 장수하였다는 전설로부터 유래된 지역이다. 서울특별시 구로구 구로동 106-5번지 가마 산길 거리공원오거리에서 구로구 구로동 3-55번지 신도림역에 이르는 보조 간 선급 가로를 거리공원길이라고 하는데, 구로 거리공원을 따라 이어진 길이라는 의미에서 거리공원길이라고 이름 붙였다. 구로거리공원은 봄에는 벚꽃으로 만개하고 가을에는 단풍으로 물들어 계절마다 아름다운 풍경을 즐길 수 있는 곳이다. 구로구 시민들의 산책 명소로 알려져 있다.'),(3,2756669,'화원자연휴양림',12,4,3,'http://tong.visitkorea.or.kr/cms/resource/52/2756852_image2_1.jpg','http://tong.visitkorea.or.kr/cms/resource/52/2756852_image2_1.jpg',6,35.77183001360000000,128.53675945390000000,'','대구광역시 달성군 화원읍 화원휴양림길 126','',NULL,NULL),(4,2718673,'휴파크 광산점',12,5,1,'http://tong.visitkorea.or.kr/cms/resource/00/3033500_image2_1.jpg','http://tong.visitkorea.or.kr/cms/resource/00/3033500_image3_1.jpg',6,35.19536346460000000,126.73039521250000000,'010-3275-3450','광주광역시 광산구 탑동길 345','(지산동)',NULL,NULL),(5,2684712,'흰여울문화마을',12,6,14,'','',6,35.07727584720000000,129.04637004450000000,'','부산광역시 영도구 흰여울길 379','',NULL,NULL),(6,264394,'화홍문(華虹門)',12,31,13,'http://tong.visitkorea.or.kr/cms/resource/50/3407950_image2_1.png','http://tong.visitkorea.or.kr/cms/resource/50/3407950_image3_1.png',6,37.28707625300000000,127.01723647380000000,'','경기도 수원시 팔달구 수원천로 377','',NULL,NULL),(7,2744398,'황인용 뮤직 스페이스 <카메라타>',12,31,27,'http://tong.visitkorea.or.kr/cms/resource/51/3308451_image2_1.JPG','http://tong.visitkorea.or.kr/cms/resource/51/3308451_image3_1.JPG',5,37.79008156690000000,126.69961795130000000,'','경기도 파주시 탄현면 헤이리마을길 83','',NULL,NULL),(8,2751603,'힐사이드온천텔',12,31,31,'http://tong.visitkorea.or.kr/cms/resource/96/2751796_image2_1.jpg','http://tong.visitkorea.or.kr/cms/resource/96/2751796_image2_1.jpg',6,37.15236443410000000,126.88144420630000000,'','경기도 화성시 팔탄면 온천로 428-12','',NULL,NULL),(9,126729,'환선굴 (대이리 동굴지대)',12,32,4,'','',6,37.32640905040000000,129.02125192270000000,'','강원특별자치도 삼척시 신기면 환선로 800','',NULL,NULL),(10,583164,'휘닉스 블루캐니언',12,32,15,'','',6,37.58010798690000000,128.31964342570000000,'','강원특별자치도 평창군 봉평면 태기로 174','',NULL,NULL),(11,2768805,'화인산림욕장',12,33,5,'http://tong.visitkorea.or.kr/cms/resource/38/3373738_image2_1.JPG','http://tong.visitkorea.or.kr/cms/resource/38/3373738_image3_1.JPG',6,36.38242813720000000,127.66833627990000000,'','충청북도 옥천군 안남면 안남로 151-66','',NULL,NULL),(12,129015,'후포해수욕장',12,35,18,'http://tong.visitkorea.or.kr/cms/resource/91/3038291_image2_1.JPG','http://tong.visitkorea.or.kr/cms/resource/91/3038291_image3_1.JPG',6,36.67504457450000000,129.44200915710000000,'','경상북도 울진군 후포면 삼율리','',NULL,NULL),(13,2772362,'힐링턴리조트(힐링턴콘도)',12,35,12,'http://tong.visitkorea.or.kr/cms/resource/47/2772647_image2_1.jpg','http://tong.visitkorea.or.kr/cms/resource/47/2772647_image2_1.jpg',6,36.27240299100000000,129.37742399670000000,'','경상북도 영덕군 남정면 동해대로 3478','',NULL,NULL),(14,2776283,'흰작살해변',12,36,17,'','',6,34.64449346590000000,128.26582719090000000,'','경상남도 통영시 욕지면 욕지일주로 352','',NULL,NULL),(15,126374,'담양 소쇄원',12,38,7,'http://tong.visitkorea.or.kr/cms/resource/96/1731996_image2_1.jpg','http://tong.visitkorea.or.kr/cms/resource/96/1731996_image3_1.jpg',6,35.18437779800000000,127.01219277870000000,'','전라남도 담양군 가사문학면 소쇄원길 17','',NULL,NULL),(16,3008008,'담양 오랑쥬마을',12,38,7,'http://tong.visitkorea.or.kr/cms/resource/91/3007991_image2_1.jpg','http://tong.visitkorea.or.kr/cms/resource/91/3007991_image3_1.jpg',6,35.32972812540000000,127.01741364010000000,'','전라남도 담양군 메타세쿼이아로 146 테테루 테마파크','',NULL,NULL),(17,989046,'화원 오시아노 관광단지',12,38,23,'http://tong.visitkorea.or.kr/cms/resource/39/2676039_image2_1.JPG','http://tong.visitkorea.or.kr/cms/resource/39/2676039_image2_1.JPG',6,34.68735197400000000,126.26542370200000000,'','전라남도 해남군 화원면 시아로 552','',NULL,NULL),(18,2946628,'환상숲곶자왈공원',12,39,4,'http://tong.visitkorea.or.kr/cms/resource/67/2947167_image2_1.jpg','http://tong.visitkorea.or.kr/cms/resource/67/2947167_image3_1.jpg',6,33.32243195900000000,126.26293033200000000,'','제주특별자치도 제주시 한경면 저지리 2848-2','',NULL,NULL),(19,3428131,'희움 일본군 위안부 역사관',14,4,8,'http://tong.visitkorea.or.kr/cms/resource/19/3428119_image2_1.jpg','http://tong.visitkorea.or.kr/cms/resource/19/3428119_image3_1.jpg',6,35.87144194800000000,128.59023253800000000,'','대구광역시 중구 경상감영길 50 (서문로1가)','',NULL,NULL),(20,2791407,'화진포해양박물관',14,32,2,'http://tong.visitkorea.or.kr/cms/resource/79/2792779_image2_1.jpg','http://tong.visitkorea.or.kr/cms/resource/79/2792779_image2_1.jpg',6,38.48145264890000000,128.43574131420000000,'','강원특별자치도 고성군 현내면 화진포길 412','',NULL,NULL),(21,2811110,'훈데르트바서파크',14,39,4,'','',6,33.49401292280000000,126.95486917110000000,'','제주특별자치도 제주시 우도면 우도해안길 32-24','',NULL,NULL),(22,2943607,'휴애리 유채꽃 축제',15,39,3,'http://tong.visitkorea.or.kr/cms/resource/53/3051253_image2_1.jpg','http://tong.visitkorea.or.kr/cms/resource/53/3051253_image3_1.jpg',6,33.30831715510000000,126.63364014260000000,'064-732 - 2114','제주특별자치도 서귀포시 신례동로 256 휴애리','',NULL,NULL),(23,2559560,'휴애리 핑크뮬리 축제',15,39,3,'http://tong.visitkorea.or.kr/cms/resource/09/3350809_image2_1.jpg','http://tong.visitkorea.or.kr/cms/resource/09/3350809_image3_1.jpg',6,33.30851714540000000,126.63443173630000000,'064-732-2114','제주특별자치도 서귀포시 남원읍 신례동로 256','',NULL,NULL),(24,2663187,'회동수원지 둘레길',28,6,2,'http://tong.visitkorea.or.kr/cms/resource/93/2557493_image2_1.jpg','http://tong.visitkorea.or.kr/cms/resource/93/2557493_image3_1.jpg',5,35.22525502040000000,129.11664876800000000,'','부산광역시 금정구 개좌로 147','(회동동)',NULL,NULL),(25,131005,'휘트니스센터PG뉴코아아울렛동수원점',28,31,13,'http://tong.visitkorea.or.kr/cms/resource/51/3475851_image2_1.JPG','http://tong.visitkorea.or.kr/cms/resource/51/3475851_image3_1.JPG',6,37.26636229100000000,127.03432439140000000,'031-231-6550','경기도 수원시 팔달구 인계로 154','',NULL,NULL),(26,2908018,'휴먼캠핑장',28,31,19,'http://tong.visitkorea.or.kr/cms/resource/05/2908005_image2_1.JPG','http://tong.visitkorea.or.kr/cms/resource/05/2908005_image3_1.JPG',6,37.43519389010000000,127.70934452450000000,'','경기도 양평군 월은길 145','',NULL,NULL),(27,3018177,'히든밸리송추',28,31,18,'http://tong.visitkorea.or.kr/cms/resource/30/3004430_image2_1.JPG','http://tong.visitkorea.or.kr/cms/resource/30/3004430_image3_1.JPG',6,37.71484799710000000,126.97247013480000000,'','경기도 양주시 장흥면 교현리','127-2',NULL,NULL),(28,2910088,'힐사이드인가평',28,31,1,'http://tong.visitkorea.or.kr/cms/resource/68/2910068_image2_1.JPG','http://tong.visitkorea.or.kr/cms/resource/68/2910068_image3_1.JPG',6,37.95423957460000000,127.58091042310000000,'','경기도 가평군 화악지암길 360','',NULL,NULL),(29,2730891,'힐포인트',28,31,23,'http://tong.visitkorea.or.kr/cms/resource/32/2731132_image2_1.JPG','http://tong.visitkorea.or.kr/cms/resource/32/2731132_image2_1.JPG',6,37.35141665680000000,127.05279533020000000,'','경기도 용인시 수지구 동천로 541','(고기동)',NULL,NULL),(30,2755735,'횡성 노다지야영장 불타는 삼촌',28,32,18,'http://tong.visitkorea.or.kr/cms/resource/52/2756352_image2_1.JPG','http://tong.visitkorea.or.kr/cms/resource/52/2756352_image2_1.JPG',6,37.61783113590000000,128.15901514240000000,'','강원특별자치도 횡성군 청일면 춘당로 232','',NULL,NULL),(31,2673991,'횡성루지체험장',28,32,18,'','',6,37.42872153290000000,128.10986130040000000,'','강원특별자치도 횡성군 우천면 전재로 407','',NULL,NULL),(32,2774026,'횡성호수길 5구간',28,32,18,'http://tong.visitkorea.or.kr/cms/resource/79/2774079_image2_1.jpg','http://tong.visitkorea.or.kr/cms/resource/79/2774079_image3_1.jpg',6,37.54492670950000000,128.06569796660000000,'','강원특별자치도 횡성군 갑천면 구방리 산 164','',NULL,NULL),(33,131300,'휘닉스 스노우파크',28,32,15,'','',6,37.58290218700000000,128.32378185720000000,'','강원특별자치도 평창군 봉평면 면온리','1095-1',NULL,NULL),(34,131791,'휘닉스 컨트리클럽',28,32,15,'http://tong.visitkorea.or.kr/cms/resource/59/1813459_image2_1.jpg','http://tong.visitkorea.or.kr/cms/resource/59/1813459_image3_1.jpg',6,37.58010798690000000,128.31964342570000000,'','강원특별자치도 평창군 봉평면 태기로 174','',NULL,NULL),(35,2908600,'휴가든카라반',28,32,8,'http://tong.visitkorea.or.kr/cms/resource/83/2908583_image2_1.JPG','http://tong.visitkorea.or.kr/cms/resource/83/2908583_image3_1.JPG',6,37.19240165600000000,128.55644479660000000,'','강원특별자치도 영월군 복덕원길 45','',NULL,NULL),(36,2762901,'휴가를 부탁해 캠핑장',28,32,8,'http://tong.visitkorea.or.kr/cms/resource/48/2763048_image2_1.JPG','http://tong.visitkorea.or.kr/cms/resource/48/2763048_image2_1.JPG',6,37.10349483720000000,128.68286667130000000,'','강원특별자치도 영월군 김삿갓면 내리계곡로 1024','',NULL,NULL),(37,2726707,'휴토피아글램핑',28,32,16,'http://tong.visitkorea.or.kr/cms/resource/99/2727099_image2_1.jpg','http://tong.visitkorea.or.kr/cms/resource/99/2727099_image2_1.jpg',6,37.69589663230000000,127.68937483600000000,'','강원특별자치도 홍천군 서면 팔봉산로 976','',NULL,NULL),(38,3064930,'힐링브릿지수상레저',28,32,13,'http://tong.visitkorea.or.kr/cms/resource/79/3064879_image2_1.jpg','http://tong.visitkorea.or.kr/cms/resource/79/3064879_image3_1.jpg',6,37.72161026440000000,127.53656297230000000,'','강원특별자치도 춘천시 남면 박암관천길 511-28','',NULL,NULL),(39,2737360,'후평숲캠핑장',28,33,1,'http://tong.visitkorea.or.kr/cms/resource/82/3353582_image2_1.JPG','http://tong.visitkorea.or.kr/cms/resource/82/3353582_image3_1.JPG',6,36.65895361880000000,127.75612631680000000,'','충청북도 괴산군 청천면 후평도원로 129-19','',NULL,NULL),(40,2792572,'힐링오름캠핑장',28,35,3,'http://tong.visitkorea.or.kr/cms/resource/81/2792681_image2_1.jpg','http://tong.visitkorea.or.kr/cms/resource/81/2792681_image2_1.jpg',6,35.80011773020000000,128.19102526710000000,'','경상북도 고령군 덕곡면 덕운로 1081','',NULL,NULL),(41,2910206,'황매산 문워크 카라반 펜션 캠핑',28,36,21,'http://tong.visitkorea.or.kr/cms/resource/96/2910196_image2_1.jpg','http://tong.visitkorea.or.kr/cms/resource/96/2910196_image3_1.jpg',6,35.52107114480000000,128.01574548480000000,'','경상남도 합천군 신성동1길 19','',NULL,NULL),(42,2747051,'회문랜드캠핑장',28,37,7,'http://tong.visitkorea.or.kr/cms/resource/27/2747427_image2_1.jpg','http://tong.visitkorea.or.kr/cms/resource/27/2747427_image2_1.jpg',6,35.47754109590000000,127.12991656550000000,'','전북특별자치도 순창군 구림면 안정리','231',NULL,NULL),(43,2755727,'회문산 캠핑장',28,37,7,'http://tong.visitkorea.or.kr/cms/resource/11/2798211_image2_1.jpg','http://tong.visitkorea.or.kr/cms/resource/11/2798211_image2_1.jpg',6,35.49834137460000000,127.12161954420000000,'','전북특별자치도 순창군 안심길 214 회문산휴양림','',NULL,NULL),(44,2737342,'화원684글램핑',28,38,23,'http://tong.visitkorea.or.kr/cms/resource/92/2737892_image2_1.JPG','http://tong.visitkorea.or.kr/cms/resource/92/2737892_image2_1.JPG',6,34.75956371490000000,126.29156411480000000,'','전라남도 해남군 화원면 매봉길 528-8','',NULL,NULL),(45,2592527,'힐하우스 호텔',32,1,24,'http://tong.visitkorea.or.kr/cms/resource/84/3010284_image2_1.jpg','http://tong.visitkorea.or.kr/cms/resource/84/3010284_image3_1.jpg',6,37.55689154100000000,126.98198764300000000,'02-777-8135','서울특별시 중구 소공로3길 42 언덕의집','',NULL,NULL),(46,1831791,'힐즈호텔',32,31,27,'http://tong.visitkorea.or.kr/cms/resource/14/1831814_image2_1.JPG','http://tong.visitkorea.or.kr/cms/resource/14/1831814_image2_1.JPG',6,37.77678845360000000,126.68730556590000000,'031-945-9800','경기도 파주시 탄현면 성동로 20-41','',NULL,NULL),(47,2616801,'화이트캐빈',32,32,15,'http://tong.visitkorea.or.kr/cms/resource/60/2634860_image2_1.jpg','http://tong.visitkorea.or.kr/cms/resource/60/2634860_image3_1.jpg',5,37.58782657560000000,128.32160968350000000,'010-2340-1347','강원특별자치도 평창군 봉평면 태기로 93','',NULL,NULL),(48,2913807,'화천써비스펜션',32,32,17,'http://tong.visitkorea.or.kr/cms/resource/60/2921060_image2_1.jpg','http://tong.visitkorea.or.kr/cms/resource/60/2921060_image3_1.jpg',6,38.06231250160000000,127.69834649120000000,'','강원특별자치도 화천군 하남면 춘화로 2861-10','',NULL,NULL),(49,397687,'환상의성',32,32,7,'http://tong.visitkorea.or.kr/cms/resource/58/1815658_image2_1.jpg','http://tong.visitkorea.or.kr/cms/resource/58/1815658_image3_1.jpg',6,37.93242672670000000,128.67272857640000000,'010-8972-3975','강원특별자치도 양양군 현북면 어성전길 384','',NULL,NULL),(50,2761960,'황미숙펜션',32,32,15,'http://tong.visitkorea.or.kr/cms/resource/35/2801135_image2_1.JPG','http://tong.visitkorea.or.kr/cms/resource/35/2801135_image2_1.JPG',6,37.66277235210000000,128.69891783260000000,'','강원특별자치도 평창군 대관령면 삼현동1길 10-17','(수하리)',NULL,NULL),(51,3469417,'횡성 페이지102 풀빌라&스파 펜션',32,32,18,'','',6,37.57486852360000000,128.25736309350000000,'010-4740-1884','강원특별자치도 횡성군 둔내면 경강로구두미1길 102-16','',NULL,NULL),(52,2801527,'흥정계곡409',32,32,15,'http://tong.visitkorea.or.kr/cms/resource/17/2801517_image2_1.JPG','http://tong.visitkorea.or.kr/cms/resource/17/2801517_image2_1.JPG',6,37.64362029190000000,128.33071829690000000,'','강원특별자치도 평창군 봉평면 흥정계곡길 409','',NULL,NULL),(53,2603913,'후연지한옥펜션',32,35,2,'','',6,35.78051089030000000,129.20412283450000000,'010-4624-6880','경상북도 경주시 내남면 포석로 435-9','',NULL,NULL),(54,2748996,'힐링 스테이 코스모스 리조트(Healing Stay Kosmos)',32,35,17,'','',6,37.53427496660000000,130.85799587330000000,'','경상북도 울릉군 북면 추산길 88-13','',NULL,NULL),(55,142892,'힐튼 경주',32,35,2,'','',6,35.84003904880000000,129.28572788110000000,'054-745-7788','경상북도 경주시 보문로 484-7','',NULL,NULL),(56,2570315,'훌훌게스트하우스',32,36,17,'http://tong.visitkorea.or.kr/cms/resource/42/2568142_image2_1.JPG','http://tong.visitkorea.or.kr/cms/resource/42/2568142_image2_1.JPG',5,34.83290272370000000,128.40825155170000000,'010-6659-6455','경상남도 통영시 진남2길 28','(미수동)',NULL,NULL),(57,2580040,'흙시루민박',32,36,3,'','',6,34.93436713220000000,128.13886128750000000,'055-832-8822','경상남도 고성군 하이면 사곡3길 48','',NULL,NULL),(58,2594978,'화이트빌리지',32,38,3,'http://tong.visitkorea.or.kr/cms/resource/96/2720996_image2_1.jpg','http://tong.visitkorea.or.kr/cms/resource/96/2720996_image3_1.jpg',5,35.18411447080000000,127.36784472770000000,'010-3640-2656','전라남도 곡성군 죽곡면 대황강로 1598-96','',NULL,NULL),(59,3102227,'휴블리제',32,38,19,'','',6,35.41319641110000000,126.85165677050000000,'061-878-8088','전라남도 장성군 북하면 백양로 611-14','',NULL,NULL),(60,3063030,'히든비치 리조트 풀빌라',32,38,13,'http://tong.visitkorea.or.kr/cms/resource/39/3062939_image2_1.jpg','http://tong.visitkorea.or.kr/cms/resource/39/3062939_image3_1.jpg',6,34.71048295550000000,127.76916880500000000,'','전라남도 여수시 돌산읍 마상포길 39-3','',NULL,NULL),(61,583141,'휘닉스 제주 섭지코지',32,39,3,'http://tong.visitkorea.or.kr/cms/resource/03/2660103_image2_1.jpg','http://tong.visitkorea.or.kr/cms/resource/03/2660103_image3_1.jpg',6,33.43025008800000000,126.92806740870000000,'064-731-7000~5','제주특별자치도 서귀포시 성산읍 섭지코지로 107','',NULL,NULL),(62,3305731,'후아유 2001아울렛 중계',38,1,9,'http://tong.visitkorea.or.kr/cms/resource/61/3313161_image2_1.jpg','http://tong.visitkorea.or.kr/cms/resource/61/3313161_image3_1.jpg',6,37.64134160330000000,127.06792741010000000,'','서울특별시 노원구 동일로204가길 46 (중계동)','',NULL,NULL),(63,3307746,'후아유 nc신구로',38,1,7,'http://tong.visitkorea.or.kr/cms/resource/06/3314806_image2_1.jpg','http://tong.visitkorea.or.kr/cms/resource/06/3314806_image3_1.jpg',6,37.50121290240000000,126.88278714140000000,'','서울특별시 구로구 구로중앙로 152 (구로동)','',NULL,NULL),(64,3307442,'후아유 타임스퀘어',38,1,20,'http://tong.visitkorea.or.kr/cms/resource/87/3313287_image2_1.jpg','http://tong.visitkorea.or.kr/cms/resource/87/3313287_image3_1.jpg',6,37.51783359710000000,126.90538183700000000,'','서울특별시 영등포구 영중로 15 (영등포동4가)','',NULL,NULL),(65,2915331,'후아유코엑스점',38,1,1,'http://tong.visitkorea.or.kr/cms/resource/35/2879935_image2_1.jpg','http://tong.visitkorea.or.kr/cms/resource/35/2879935_image3_1.jpg',6,37.51191759670000000,127.05921799500000000,'','서울특별시 강남구 영동대로513','',NULL,NULL),(66,2928923,'후지필름일렉트로닉이미징코리아 강남',38,1,1,'','',6,37.52674331780000000,127.04059704760000000,'','서울특별시 강남구 선릉로 838(청담동,페코빌딩)','',NULL,NULL),(67,2909984,'휠라 현대가든파이브',38,1,18,'','',6,37.47766720070000000,127.12497687260000000,'','서울특별시 송파구 충민로 66, 3층','',NULL,NULL),(68,2904394,'EJ OST 롯데몰김포',38,1,4,'http://tong.visitkorea.or.kr/cms/resource/88/2889688_image2_1.jpg','http://tong.visitkorea.or.kr/cms/resource/88/2889688_image3_1.jpg',6,37.56525403470000000,126.80291484660000000,'','서울특별시 강서구 하늘길 38','지하2층',NULL,NULL),(69,2918172,'ER NC백화점 불광',38,1,22,'http://tong.visitkorea.or.kr/cms/resource/21/2888421_image2_1.jpg','http://tong.visitkorea.or.kr/cms/resource/21/2888421_image3_1.jpg',6,37.60976777580000000,126.92893542690000000,'','서울특별시 은평구 불광로 20 (8층 고객센터)','',NULL,NULL),(70,2744566,'화원시장',38,4,3,'http://tong.visitkorea.or.kr/cms/resource/40/2744840_image2_1.jpg','http://tong.visitkorea.or.kr/cms/resource/40/2744840_image2_1.jpg',6,35.80117600350000000,128.49915084330000000,'','대구광역시 달성군 화원읍 인흥길 33-4','',NULL,NULL),(71,1962437,'환공어묵 부산역점',38,6,5,'http://tong.visitkorea.or.kr/cms/resource/51/2509651_image2_1.JPG','http://tong.visitkorea.or.kr/cms/resource/51/2509651_image2_1.JPG',6,35.11783794630000000,129.04482740500000000,'051-441-5765','부산광역시 동구 초량동','1187-20',NULL,NULL),(72,3307042,'휠라 롯데동부산',38,6,3,'http://tong.visitkorea.or.kr/cms/resource/99/3313699_image2_1.jpg','http://tong.visitkorea.or.kr/cms/resource/99/3313699_image3_1.jpg',6,35.19225216840000000,129.21280797850000000,'','부산광역시 기장군 기장읍 기장해안로 147, 2층','',NULL,NULL),(73,3305637,'후아유 뉴코아 평촌',38,31,17,'http://tong.visitkorea.or.kr/cms/resource/54/3313054_image2_1.jpg','http://tong.visitkorea.or.kr/cms/resource/54/3313054_image3_1.jpg',6,37.38934656170000000,126.95168123250000000,'','경기도 안양시 동안구 동안로 119 (호계동)','',NULL,NULL),(74,2915108,'휠라 롯데광교',38,31,13,'http://tong.visitkorea.or.kr/cms/resource/72/2882072_image2_1.jpg','http://tong.visitkorea.or.kr/cms/resource/72/2882072_image3_1.jpg',6,37.28606871970000000,127.05549136330000000,'','경기도 수원시 영통구 도청로 10 (이의동)','',NULL,NULL),(75,2904140,'휠라 롯데기흥',38,31,23,'http://tong.visitkorea.or.kr/cms/resource/45/2882245_image2_1.jpg','http://tong.visitkorea.or.kr/cms/resource/45/2882245_image3_1.jpg',6,37.22542135630000000,127.12092879450000000,'','경기도 용인시 기흥구 신고매로 124','',NULL,NULL),(76,2905527,'휠라 현대김포',38,31,8,'http://tong.visitkorea.or.kr/cms/resource/23/2880523_image2_1.jpg','http://tong.visitkorea.or.kr/cms/resource/23/2880523_image3_1.jpg',6,37.59728888290000000,126.78524611440000000,'','경기도 김포시 아라육로152번길 100','',NULL,NULL),(77,2927028,'휴고보스 현대아울렛 김포점',38,31,8,'http://tong.visitkorea.or.kr/cms/resource/42/2880642_image2_1.jpg','http://tong.visitkorea.or.kr/cms/resource/42/2880642_image3_1.jpg',6,37.59728888290000000,126.78524611440000000,'','경기도 김포시 아라육로152번길 100','',NULL,NULL),(78,3306600,'DEWL',38,31,2,'http://tong.visitkorea.or.kr/cms/resource/99/3314699_image2_1.jpg','http://tong.visitkorea.or.kr/cms/resource/99/3314699_image3_1.jpg',6,37.66860775790000000,126.75147774710000000,'','경기도 고양시 일산서구 대화동 2602','',NULL,NULL),(79,2814518,'DMZ 라운지',38,31,27,'','',6,37.80045229400000000,126.68359968090000000,'','경기도 파주시 새오리로161번길 90','',NULL,NULL),(80,2930339,'후아유 강릉점',38,32,1,'','',6,37.75370455620000000,128.89640558100000000,'','강원특별자치도 강릉시 신대학길 30-1 (금학동)','',NULL,NULL),(81,2910037,'휠라 롯데부여',38,34,6,'http://tong.visitkorea.or.kr/cms/resource/47/2883447_image2_1.jpg','http://tong.visitkorea.or.kr/cms/resource/47/2883447_image3_1.jpg',6,36.30725930600000000,126.90197911640000000,'','충청남도 부여군 규암면 백제문로 387, 2층','',NULL,NULL),(82,2737986,'후포어시장회센터',38,35,18,'','',6,36.68215801110000000,129.46043509270000000,'','경상북도 울진군 후포면 울진대게로 169-71','',NULL,NULL),(83,2911760,'휠라 롯데김해',38,36,4,'http://tong.visitkorea.or.kr/cms/resource/11/2886111_image2_1.jpg','http://tong.visitkorea.or.kr/cms/resource/11/2886111_image3_1.jpg',6,35.18510145700000000,128.82962209260000000,'','경상남도 김해시 장유로 469 롯데아울렛 김해점 2층','',NULL,NULL),(84,2916477,'DEWL',38,38,9,'http://tong.visitkorea.or.kr/cms/resource/43/2886543_image2_1.jpg','http://tong.visitkorea.or.kr/cms/resource/43/2886543_image3_1.jpg',6,34.80214507600000000,126.46410062810000000,'','전라남도 무안군 삼향읍 남악로162번길80','',NULL,NULL),(85,2991804,'화춘옥 청담점',39,1,1,'','',6,37.52153553790000000,127.03772801140000000,'','서울특별시 강남구 도산대로50길 15','',NULL,NULL),(86,2653099,'화포식당 시청',39,1,24,'http://tong.visitkorea.or.kr/cms/resource/99/2661399_image2_1.jpg','http://tong.visitkorea.or.kr/cms/resource/99/2661399_image2_1.jpg',6,37.56184366500000000,126.97765456440000000,'','서울특별시 중구 남대문로1길 16','',NULL,NULL),(87,2905346,'화화돈 성수',39,1,16,'http://tong.visitkorea.or.kr/cms/resource/37/2905337_image2_1.jpg','http://tong.visitkorea.or.kr/cms/resource/37/2905337_image3_1.jpg',6,37.54328332040000000,127.05487027880000000,'','서울특별시 성동구 연무장7가길 3','',NULL,NULL),(88,2848124,'황금소 가락본점',39,1,18,'http://tong.visitkorea.or.kr/cms/resource/11/2848111_image2_1.jpg','http://tong.visitkorea.or.kr/cms/resource/11/2848111_image3_1.jpg',6,37.49434301650000000,127.12351264350000000,'','서울특별시 송파구 송이로 138 수빌딩','',NULL,NULL),(89,2903789,'황금옥찹쌀순대',39,1,13,'','',6,37.55806781900000000,126.90589176770000000,'','서울특별시 마포구 월드컵로25길 33','',NULL,NULL),(90,2682882,'황해도구월산',39,1,20,'http://tong.visitkorea.or.kr/cms/resource/31/2682731_image2_1.jpg','http://tong.visitkorea.or.kr/cms/resource/31/2682731_image2_1.jpg',6,37.52684908800000000,126.89821834730000000,'02-2634-5180','서울특별시 영등포구 국회대로36길 5-1','',NULL,NULL),(91,2846705,'효면옥 신사본점',39,1,22,'http://tong.visitkorea.or.kr/cms/resource/99/2846699_image2_1.jpg','http://tong.visitkorea.or.kr/cms/resource/99/2846699_image3_1.jpg',6,37.59469982040000000,126.91423997160000000,'','서울특별시 은평구 증산로 429','',NULL,NULL),(92,2642955,'후라토식당',39,1,13,'http://tong.visitkorea.or.kr/cms/resource/17/2669017_image2_1.jpg','http://tong.visitkorea.or.kr/cms/resource/17/2669017_image2_1.jpg',6,37.54864696930000000,126.92140728590000000,'02-6053-7090','서울특별시 마포구 독막로15길 3-14','',NULL,NULL),(93,2808041,'후암편백',39,1,21,'','',6,37.55106434930000000,126.97690493760000000,'','서울특별시 용산구 후암로 57-1','',NULL,NULL),(94,2808930,'훈카츠',39,1,20,'','',6,37.51791937230000000,126.88716682790000000,'','서울특별시 영등포구 선유로9길 10 문래 SK V1 center','',NULL,NULL),(95,2905413,'훔볼트',39,1,16,'http://tong.visitkorea.or.kr/cms/resource/88/2905388_image2_1.jpg','http://tong.visitkorea.or.kr/cms/resource/88/2905388_image3_1.jpg',6,37.54015314170000000,127.05561752190000000,'','서울특별시 성동구 성수이로 58 P-Tower','1층',NULL,NULL),(96,2895197,'훼미리손칼국수보쌈',39,1,16,'http://tong.visitkorea.or.kr/cms/resource/84/2895184_image2_1.jpg','http://tong.visitkorea.or.kr/cms/resource/84/2895184_image3_1.jpg',6,37.54955462820000000,127.04456826120000000,'','서울특별시 성동구 왕십리로 134','',NULL,NULL),(97,1958200,'흑돈가 명동',39,1,24,'http://tong.visitkorea.or.kr/cms/resource/39/2707139_image2_1.jpg','http://tong.visitkorea.or.kr/cms/resource/39/2707139_image3_1.jpg',6,37.56485453340000000,126.98362615720000000,'02-3789-0080','서울특별시 중구 명동7길 21, 지하1층','',NULL,NULL),(98,747813,'희락갈치',39,1,24,'http://tong.visitkorea.or.kr/cms/resource/75/687775_image2_1.jpg','http://tong.visitkorea.or.kr/cms/resource/75/687775_image3_1.jpg',6,37.55995498570000000,126.97709078070000000,'02-755-3449','서울특별시 중구 남대문시장길 22-6','',NULL,NULL),(99,133984,'희래등',39,1,12,'http://tong.visitkorea.or.kr/cms/resource/91/1900491_image2_1.jpg','http://tong.visitkorea.or.kr/cms/resource/91/1900491_image3_1.jpg',6,37.51226526950000000,126.93172126090000000,'02-827-0722','서울특별시 동작구 등용로 123','',NULL,NULL),(100,2852774,'히노야마',39,1,19,'http://tong.visitkorea.or.kr/cms/resource/72/2852772_image2_1.jpg','http://tong.visitkorea.or.kr/cms/resource/72/2852772_image3_1.jpg',6,37.51746070310000000,126.86532160970000000,'','서울특별시 양천구 목동서로 349 센트럴프라자','119호',NULL,NULL),(101,2946494,'힐즈앤유로파',39,1,21,'http://tong.visitkorea.or.kr/cms/resource/62/2947562_image2_1.jpg','http://tong.visitkorea.or.kr/cms/resource/62/2947562_image3_1.jpg',6,37.54169617640000000,126.98712927150000000,'','서울특별시 용산구 용산동2가 44-7','2층',NULL,NULL),(102,2905238,'화화쿵주마라탕',39,2,8,'http://tong.visitkorea.or.kr/cms/resource/22/2905222_image2_1.jpg','http://tong.visitkorea.or.kr/cms/resource/22/2905222_image3_1.jpg',6,37.37987028790000000,126.66126348710000000,'','인천광역시 연수구 송도과학로16번길 33-3 송도 트리플스트리트','C동 1층',NULL,NULL),(103,2768147,'황성얼큰오징어찌개',39,2,3,'','',6,37.45226138350000000,126.63306960770000000,'','인천광역시 미추홀구 아암대로107번길 13','(용현동)',NULL,NULL),(104,2023075,'황제삼계탕',39,2,4,'http://tong.visitkorea.or.kr/cms/resource/77/2023077_image2_1.jpg','http://tong.visitkorea.or.kr/cms/resource/77/2023077_image3_1.jpg',6,37.45453733690000000,126.70207436250000000,'032-437-3337','인천광역시 남동구 예술로 230','',NULL,NULL),(105,2907361,'휴그릴',39,2,8,'http://tong.visitkorea.or.kr/cms/resource/32/2906932_image2_1.JPG','http://tong.visitkorea.or.kr/cms/resource/32/2906932_image3_1.JPG',6,37.41585485650000000,126.65320211460000000,'','인천광역시 연수구 청량로109번길 57','',NULL,NULL),(106,601393,'희래등',39,2,7,'http://tong.visitkorea.or.kr/cms/resource/36/1886636_image2_1.jpg','http://tong.visitkorea.or.kr/cms/resource/36/1886636_image3_1.jpg',6,37.54311829660000000,126.67889900860000000,'032-565-5800','인천광역시 서구 탁옥로86번길 6-1','',NULL,NULL),(107,2891629,'희소식',39,2,1,'http://tong.visitkorea.or.kr/cms/resource/88/2878088_image2_1.jpg','http://tong.visitkorea.or.kr/cms/resource/88/2878088_image3_1.jpg',6,37.71430019100000000,126.46793019530000000,'','인천광역시 강화군 중앙로413번길 6 희소식','',NULL,NULL),(108,2915651,'환스닭갈비',39,3,4,'http://tong.visitkorea.or.kr/cms/resource/40/2915640_image2_1.jpg','http://tong.visitkorea.or.kr/cms/resource/40/2915640_image3_1.jpg',6,36.42315466020000000,127.39269036500000000,'','대전광역시 유성구 관평1로 76','1층',NULL,NULL),(109,2899410,'후지산',39,3,3,'http://tong.visitkorea.or.kr/cms/resource/00/2899400_image2_1.jpg','http://tong.visitkorea.or.kr/cms/resource/00/2899400_image3_1.jpg',6,36.35232936670000000,127.38898428780000000,'','대전광역시 서구 둔산로137번길 21 대승빌딩','',NULL,NULL),(110,2915848,'훈불',39,3,4,'http://tong.visitkorea.or.kr/cms/resource/35/2915835_image2_1.jpg','http://tong.visitkorea.or.kr/cms/resource/35/2915835_image3_1.jpg',6,36.36318010720000000,127.34412967340000000,'','대전광역시 유성구 한밭대로 407-18','',NULL,NULL),(111,2911788,'흥부네칼국수보리밥',39,3,3,'http://tong.visitkorea.or.kr/cms/resource/74/2911774_image2_1.jpg','http://tong.visitkorea.or.kr/cms/resource/74/2911774_image3_1.jpg',6,36.30017078970000000,127.35214177240000000,'','대전광역시 서구 가수원중로 53','',NULL,NULL),(112,2766477,'후꾸스시',39,4,7,'http://tong.visitkorea.or.kr/cms/resource/35/2766735_image2_1.jpg','http://tong.visitkorea.or.kr/cms/resource/35/2766735_image2_1.jpg',6,35.83811863670000000,128.62790792490000000,'','대구광역시 수성구 동대구로20길 66','',NULL,NULL),(113,2678871,'힛또',39,4,8,'http://tong.visitkorea.or.kr/cms/resource/84/2674784_image2_1.jpg','http://tong.visitkorea.or.kr/cms/resource/84/2674784_image2_1.jpg',6,35.85583845630000000,128.60636488400000000,'053-256-6868','대구광역시 중구 명덕로 333','대백프라자 11층',NULL,NULL),(114,2837756,'황솔촌 충장점',39,5,3,'http://tong.visitkorea.or.kr/cms/resource/53/2837753_image2_1.jpg','http://tong.visitkorea.or.kr/cms/resource/53/2837753_image3_1.jpg',6,35.14708312790000000,126.91428848090000000,'','광주광역시 동구 중앙로160번길 16-10','',NULL,NULL),(115,2848924,'황금새우기장본점',39,6,3,'http://tong.visitkorea.or.kr/cms/resource/20/2848820_image2_1.jpg','http://tong.visitkorea.or.kr/cms/resource/20/2848820_image3_1.jpg',6,35.27228840090000000,129.25329946620000000,'','부산광역시 기장군 일광로 328','',NULL,NULL),(116,2815034,'흑기와',39,6,16,'','',6,35.23731524890000000,129.14194345680000000,'','부산광역시 해운대구 운봉길 228','',NULL,NULL),(117,2865236,'희와제과',39,6,7,'http://tong.visitkorea.or.kr/cms/resource/33/2865233_image2_1.jpg','http://tong.visitkorea.or.kr/cms/resource/33/2865233_image3_1.jpg',6,35.15843101050000000,129.06581058160000000,'','부산광역시 부산진구 전포대로246번길 6 동양팰리스','1층 상가',NULL,NULL),(118,2838418,'EL16.52',39,6,11,'http://tong.visitkorea.or.kr/cms/resource/06/2838406_image2_1.jpg','http://tong.visitkorea.or.kr/cms/resource/06/2838406_image3_1.jpg',6,35.06315470970000000,129.01946443430000000,'','부산광역시 서구 암남공원로 177','',NULL,NULL),(119,2848974,'환장라멘',39,7,4,'http://tong.visitkorea.or.kr/cms/resource/84/2848584_image2_1.jpg','http://tong.visitkorea.or.kr/cms/resource/84/2848584_image3_1.jpg',6,35.60301444810000000,129.36356392560000000,'','울산광역시 북구 박상진3로 25 울산송정 한양수자인','',NULL,NULL),(120,2827834,'황금성정통중화요리',39,7,5,'','',6,35.56969988310000000,129.12807154230000000,'','울산광역시 울주군 읍성로 198','',NULL,NULL),(121,2870986,'효정밥상',39,7,5,'http://tong.visitkorea.or.kr/cms/resource/83/2870983_image2_1.JPG','http://tong.visitkorea.or.kr/cms/resource/83/2870983_image3_1.JPG',6,35.49249245930000000,129.30617204850000000,'','울산광역시 울주군 신덕하1길 9','',NULL,NULL),(122,2783384,'히든블루',39,7,5,'http://tong.visitkorea.or.kr/cms/resource/83/2784183_image2_1.jpg','http://tong.visitkorea.or.kr/cms/resource/83/2784183_image2_1.jpg',6,35.34482319990000000,129.32090267730000000,'','울산광역시 울주군 서생면 신리길 96','',NULL,NULL),(123,2905753,'황가평양냉면',39,8,1,'http://tong.visitkorea.or.kr/cms/resource/43/2905743_image2_1.jpg','http://tong.visitkorea.or.kr/cms/resource/43/2905743_image3_1.jpg',6,36.49933462650000000,127.22517274990000000,'','세종특별자치시  장척로 585-20','',NULL,NULL),(124,801992,'화이트스프링',39,31,9,'','',6,37.56297595350000000,127.23498110330000000,'031-521-7777','경기도 남양주시 와부읍 경강로849번길 19','',NULL,NULL),(125,2773746,'화전분재예술원',39,31,2,'http://tong.visitkorea.or.kr/cms/resource/19/2773819_image2_1.jpg','http://tong.visitkorea.or.kr/cms/resource/19/2773819_image2_1.jpg',6,37.60022350740000000,126.87673212690000000,'','경기도 고양시 덕양구 중앙로78번안길 91','(화전동)',NULL,NULL),(126,2875362,'화정가든 보리굴비',39,31,2,'http://tong.visitkorea.or.kr/cms/resource/46/2875346_image2_1.jpg','http://tong.visitkorea.or.kr/cms/resource/46/2875346_image3_1.jpg',6,37.59952268660000000,126.82621175610000000,'','경기도 고양시 덕양구 행주로15번길 49-12','',NULL,NULL),(127,3423815,'화청갈비',39,31,13,'','',6,37.28319620110000000,127.02029463820000000,'','경기도 수원시 팔달구 창룡대로41번길 12 (매향동)','',NULL,NULL),(128,2845735,'황금뜰 한정식',39,31,26,'http://tong.visitkorea.or.kr/cms/resource/25/2845725_image2_1.jpg','http://tong.visitkorea.or.kr/cms/resource/25/2845725_image3_1.jpg',6,37.24585491900000000,127.41875680660000000,'','경기도 이천시 중부대로 775','',NULL,NULL),(129,2850312,'황금장수촌',39,31,22,'http://tong.visitkorea.or.kr/cms/resource/02/2850302_image2_1.jpg','http://tong.visitkorea.or.kr/cms/resource/02/2850302_image3_1.jpg',6,37.14890458260000000,127.08605909140000000,'','경기도 오산시 부산동길 12-6','2동 1층',NULL,NULL),(130,2845754,'황놀부최고집',39,31,26,'http://tong.visitkorea.or.kr/cms/resource/39/2845739_image2_1.jpg','http://tong.visitkorea.or.kr/cms/resource/39/2845739_image3_1.jpg',6,37.21802760780000000,127.42032689860000000,'','경기도 이천시 이섭대천로441번길 8','',NULL,NULL),(131,2915811,'황도면옥',39,31,31,'http://tong.visitkorea.or.kr/cms/resource/03/2915803_image2_1.jpg','http://tong.visitkorea.or.kr/cms/resource/03/2915803_image3_1.jpg',6,37.20730162810000000,126.98761916470000000,'','경기도 화성시 세자로 489','',NULL,NULL),(132,2832417,'황부자감자탕',39,31,18,'http://tong.visitkorea.or.kr/cms/resource/10/2832410_image2_1.jpg','http://tong.visitkorea.or.kr/cms/resource/10/2832410_image3_1.jpg',6,37.79035516650000000,127.08727970850000000,'','경기도 양주시 송랑로 55','',NULL,NULL),(133,2845001,'황새울가든',39,31,23,'http://tong.visitkorea.or.kr/cms/resource/91/2844991_image2_1.jpg','http://tong.visitkorea.or.kr/cms/resource/91/2844991_image3_1.jpg',6,37.11148896910000000,127.36808463050000000,'','경기도 용인시 처인구 황새울로 82','',NULL,NULL),(134,2836023,'황주생고기',39,31,10,'http://tong.visitkorea.or.kr/cms/resource/02/2836002_image2_1.jpg','http://tong.visitkorea.or.kr/cms/resource/02/2836002_image3_1.jpg',6,37.90513836970000000,127.05197129450000000,'','경기도 동두천시 생연로 142','',NULL,NULL),(135,2855472,'황주집 일산본점',39,31,2,'','',6,37.68376754560000000,126.77625561020000000,'031-975-3237','경기도 고양시 일산서구 고양대로 719-12 산들마을6단지','',NULL,NULL),(136,2853189,'황촌집',39,31,8,'http://tong.visitkorea.or.kr/cms/resource/83/2853183_image2_1.jpg','http://tong.visitkorea.or.kr/cms/resource/83/2853183_image3_1.jpg',6,37.63040590100000000,126.55237758020000000,'','경기도 김포시 약암로 853','',NULL,NULL),(137,2754411,'회령손만두국',39,31,19,'http://tong.visitkorea.or.kr/cms/resource/25/2754325_image2_1.jpg','http://tong.visitkorea.or.kr/cms/resource/25/2754325_image2_1.jpg',6,37.50859508550000000,127.63259934450000000,'','경기도 양평군 용문면 용문로 827','',NULL,NULL),(138,2863331,'회식의달인 미사강변점',39,31,30,'http://tong.visitkorea.or.kr/cms/resource/18/2863318_image2_1.jpg','http://tong.visitkorea.or.kr/cms/resource/18/2863318_image3_1.jpg',6,37.56645250680000000,127.18967957010000000,'','경기도 하남시 미사강변중앙로 218 성산타워','엠씨티 2층',NULL,NULL),(139,2859730,'회싸나이 운정역점',39,31,27,'http://tong.visitkorea.or.kr/cms/resource/17/2859717_image2_1.JPG','http://tong.visitkorea.or.kr/cms/resource/17/2859717_image3_1.JPG',6,37.72295724980000000,126.76644428890000000,'','경기도 파주시 운정1길 84','1층',NULL,NULL),(140,2827032,'효뜨꽌',39,31,12,'','',6,37.36335235270000000,127.10681508840000000,'','경기도 성남시 분당구 정자동','',NULL,NULL),(141,2925448,'효원식당 분당정자점',39,31,12,'http://tong.visitkorea.or.kr/cms/resource/46/2925446_image2_1.jpg','http://tong.visitkorea.or.kr/cms/resource/46/2925446_image3_1.jpg',6,37.36914623210000000,127.11273383240000000,'','경기도 성남시 분당구 느티로69번길 6-3','1층',NULL,NULL),(142,1770104,'후원',39,31,5,'','',6,37.45510458890000000,127.20464249400000000,'031-749-4786','경기도 광주시 남한산성면 불당길 81-33','',NULL,NULL),(143,2902635,'훈스파이 본점',39,31,12,'http://tong.visitkorea.or.kr/cms/resource/97/2902397_image2_1.jpg','http://tong.visitkorea.or.kr/cms/resource/97/2902397_image3_1.jpg',6,37.36984590200000000,127.09886007210000000,'','경기도 성남시 분당구 궁내로 22','',NULL,NULL),(144,2872282,'훈장골한우짝갈비',39,31,15,'http://tong.visitkorea.or.kr/cms/resource/72/2872272_image2_1.jpg','http://tong.visitkorea.or.kr/cms/resource/72/2872272_image3_1.jpg',6,37.32642418500000000,126.84512879030000000,'','경기도 안산시 상록구 예술광장1로 116','',NULL,NULL),(145,2872878,'훠시즌',39,31,2,'http://tong.visitkorea.or.kr/cms/resource/66/2872866_image2_1.jpg','http://tong.visitkorea.or.kr/cms/resource/66/2872866_image3_1.jpg',6,37.66102846520000000,126.77281212210000000,'','경기도 고양시 일산동구 중앙로 1286 고양아람누리','2층',NULL,NULL),(146,2872862,'훼릭스 숲속에서그릴',39,31,2,'http://tong.visitkorea.or.kr/cms/resource/59/2872859_image2_1.jpg','http://tong.visitkorea.or.kr/cms/resource/59/2872859_image3_1.jpg',6,37.64773437400000000,126.86152661600000000,'','경기도 고양시 덕양구 고양대로 1624','',NULL,NULL),(147,2872861,'훼미리부대찌개&삼겹 일산대화점',39,31,2,'http://tong.visitkorea.or.kr/cms/resource/52/2872852_image2_1.jpg','http://tong.visitkorea.or.kr/cms/resource/52/2872852_image3_1.jpg',6,37.68333389020000000,126.75537142030000000,'','경기도 고양시 일산서구 성저로38번길 61','',NULL,NULL),(148,3415216,'휘우커피',39,31,2,'http://tong.visitkorea.or.kr/cms/resource/15/3415215_image2_1.jpg','http://tong.visitkorea.or.kr/cms/resource/15/3415215_image3_1.jpg',6,37.67947322350000000,126.91048235690000000,'','경기도 고양시 덕양구 선유길 133-30 (선유동)','',NULL,NULL),(149,2851361,'흑염소명가 약초산',39,31,24,'http://tong.visitkorea.or.kr/cms/resource/46/2851346_image2_1.jpeg','http://tong.visitkorea.or.kr/cms/resource/46/2851346_image3_1.jpeg',6,37.33533087310000000,126.96680637060000000,'','경기도 의왕시 교동길 19 노나무가든','',NULL,NULL),(150,134345,'흙토담골',39,31,5,'http://tong.visitkorea.or.kr/cms/resource/23/1956823_image2_1.jpg','http://tong.visitkorea.or.kr/cms/resource/23/1956823_image3_1.jpg',6,37.47796052710000000,127.37184887930000000,'031-767-2855','경기도 광주시 퇴촌면 석둔길 3','',NULL,NULL),(151,2892469,'흠커피',39,31,30,'http://tong.visitkorea.or.kr/cms/resource/60/2892460_image2_1.jpg','http://tong.visitkorea.or.kr/cms/resource/60/2892460_image3_1.jpg',6,37.52018001980000000,127.18517018950000000,'','경기도 하남시 서하남로418번길 30','',NULL,NULL),(152,2671170,'흥부랑놀부랑',39,31,28,'http://tong.visitkorea.or.kr/cms/resource/49/2671049_image2_1.jpg','http://tong.visitkorea.or.kr/cms/resource/49/2671049_image2_1.jpg',6,36.98861230390000000,127.10392025900000000,'031-653-4396','경기도 평택시 중앙2로 157','',NULL,NULL),(153,2907472,'희락보리',39,31,23,'http://tong.visitkorea.or.kr/cms/resource/58/2907458_image2_1.jpg','http://tong.visitkorea.or.kr/cms/resource/58/2907458_image3_1.jpg',6,37.27621741620000000,127.22880925640000000,'','경기도 용인시 처인구 포곡로234번길 10','',NULL,NULL),(154,2773725,'희원',39,31,26,'http://tong.visitkorea.or.kr/cms/resource/92/2773892_image2_1.jpg','http://tong.visitkorea.or.kr/cms/resource/92/2773892_image3_1.jpg',6,37.24187944440000000,127.52015608380000000,'','경기도 이천시 부발읍 황무로2065번길 221-10','',NULL,NULL),(155,2853030,'히든플랜트',39,31,1,'http://tong.visitkorea.or.kr/cms/resource/17/2853017_image2_1.jpeg','http://tong.visitkorea.or.kr/cms/resource/17/2853017_image3_1.jpeg',6,37.67969555020000000,127.37767587050000000,'','경기도 가평군 경춘로 40','',NULL,NULL),(156,2875397,'히히히',39,31,2,'http://tong.visitkorea.or.kr/cms/resource/83/2875383_image2_1.jpg','http://tong.visitkorea.or.kr/cms/resource/83/2875383_image3_1.jpg',6,37.67020255370000000,126.78158883890000000,'','경기도 고양시 일산동구 일산로394번길 10','1층',NULL,NULL),(157,2849883,'힐라비카페',39,31,6,'http://tong.visitkorea.or.kr/cms/resource/80/2849880_image2_1.jpg','http://tong.visitkorea.or.kr/cms/resource/80/2849880_image3_1.jpg',6,37.64365369460000000,127.13705715430000000,'','경기도 구리시 금강로199번길 112','',NULL,NULL),(158,2873260,'힘낙지쭈꾸미',39,31,18,'http://tong.visitkorea.or.kr/cms/resource/55/2873255_image2_1.jpg','http://tong.visitkorea.or.kr/cms/resource/55/2873255_image3_1.jpg',6,37.81181409180000000,127.10459139820000000,'','경기도 양주시 율정로 337-1','',NULL,NULL),(159,2867829,'힘찬낙지',39,31,9,'http://tong.visitkorea.or.kr/cms/resource/26/2867826_image2_1.jpg','http://tong.visitkorea.or.kr/cms/resource/26/2867826_image3_1.jpg',6,37.56691150000000000,127.22901486660000000,'','경기도 남양주시 경강로 780 푸른꽃','',NULL,NULL),(160,2855817,'DMZ장단콩두부마을',39,31,27,'http://tong.visitkorea.or.kr/cms/resource/09/2855809_image2_1.JPG','http://tong.visitkorea.or.kr/cms/resource/09/2855809_image3_1.JPG',6,37.78619295420000000,126.68965508470000000,'','경기도 파주시 평화로 902 장단콩두부마을','',NULL,NULL),(161,2901739,'DNO 디엔오',39,31,28,'http://tong.visitkorea.or.kr/cms/resource/30/2901730_image2_1.jpg','http://tong.visitkorea.or.kr/cms/resource/30/2901730_image3_1.jpg',6,37.01005404770000000,127.09121803660000000,'','경기도 평택시 세교6로 12-47','1층',NULL,NULL),(162,2892923,'DU COUPLE',39,31,13,'http://tong.visitkorea.or.kr/cms/resource/00/2892900_image2_1.jpeg','http://tong.visitkorea.or.kr/cms/resource/00/2892900_image3_1.jpeg',6,37.27871661180000000,127.04529804950000000,'','경기도 수원시 영통구 월드컵로 185 (원천동)','',NULL,NULL),(163,2774690,'화진포박포수가든',39,32,2,'','',6,38.47868881870000000,128.42216486260000000,'','강원특별자치도 고성군 현내면 화진포서길 76','',NULL,NULL),(164,2504530,'화천삼나물밥상',39,32,17,'','',6,38.10550760210000000,127.70571119150000000,'033-442-2224','강원특별자치도 화천군 화천읍 중앙로1길 14-5','',NULL,NULL),(165,2913291,'화천써비스허브정원카페',39,32,17,'http://tong.visitkorea.or.kr/cms/resource/16/2919516_image2_1.jpg','http://tong.visitkorea.or.kr/cms/resource/16/2919516_image3_1.jpg',6,38.06231250160000000,127.69834649120000000,'','강원특별자치도 화천군 하남면 춘화로 2861-10','',NULL,NULL),(166,2789510,'화천어죽탕',39,32,17,'http://tong.visitkorea.or.kr/cms/resource/55/2796055_image2_1.jpg','http://tong.visitkorea.or.kr/cms/resource/55/2796055_image2_1.jpg',6,38.09393219360000000,127.76008157520000000,'','강원특별자치도 화천군 간동면 파로호로 91','',NULL,NULL),(167,2806198,'환선밥상',39,32,4,'','',6,37.33052838760000000,129.04011122050000000,'','강원특별자치도 삼척시 신기면 환선로 (594)','',NULL,NULL),(168,2913268,'황가네숯불꾸이꾸이',39,32,8,'http://tong.visitkorea.or.kr/cms/resource/64/2919264_image2_1.jpg','http://tong.visitkorea.or.kr/cms/resource/64/2919264_image3_1.jpg',6,37.18332611980000000,128.47307754010000000,'','강원특별자치도 영월군 영월읍 중앙로 84','',NULL,NULL),(169,134395,'황두막',39,32,5,'http://tong.visitkorea.or.kr/cms/resource/63/588863_image2_1.jpg','http://tong.visitkorea.or.kr/cms/resource/63/588863_image3_1.jpg',6,38.19566019040000000,128.53809927620000000,'033-635-0111','강원특별자치도 속초시 관광로 400','',NULL,NULL),(170,2781487,'황소식육실비식당',39,32,11,'','',6,37.22714712370000000,128.81928410720000000,'','강원특별자치도 정선군 사북읍 사북중앙로 40-1','',NULL,NULL),(171,712545,'황태회관',39,32,15,'','',6,37.66995229000000000,128.70990828930000000,'033-335-5795','강원특별자치도 평창군 대관령면 눈마을길 19','',NULL,NULL),(172,2774488,'회동집',39,32,11,'http://tong.visitkorea.or.kr/cms/resource/85/2776885_image2_1.jpeg','http://tong.visitkorea.or.kr/cms/resource/85/2776885_image2_1.jpeg',6,37.38101533350000000,128.66469611740000000,'','강원특별자치도 정선군 정선읍 5일장길 37-10','',NULL,NULL),(173,2801736,'횡계가정식집밥',39,32,15,'http://tong.visitkorea.or.kr/cms/resource/25/2801725_image2_1.jpg','http://tong.visitkorea.or.kr/cms/resource/25/2801725_image2_1.jpg',6,37.67295185750000000,128.70547248640000000,'','강원특별자치도 평창군 대관령면 대관령로 82','',NULL,NULL),(174,2776376,'횡계유명통닭',39,32,15,'http://tong.visitkorea.or.kr/cms/resource/59/2776359_image2_1.jpg','http://tong.visitkorea.or.kr/cms/resource/59/2776359_image2_1.jpg',6,37.67316855250000000,128.70823889740000000,'','강원특별자치도 평창군 대관령면 횡계길 15','',NULL,NULL),(175,2685838,'횡성 버드나무집',39,32,18,'','',6,37.53460936380000000,127.96569342480000000,'033-342-7892','강원특별자치도 횡성군 공근면 공근남로 25','',NULL,NULL),(176,2665226,'횡성 화수목',39,32,18,'','',6,37.51627445470000000,128.21255777400000000,'','강원특별자치도 횡성군 둔내면 경강로 4699','',NULL,NULL),(177,2774480,'횡성더덕밥김가',39,32,9,'','',6,37.34290684320000000,127.98236976470000000,'','강원특별자치도 원주시 행구로 238','(행구동)',NULL,NULL),(178,2876015,'횡성순한우',39,32,18,'http://tong.visitkorea.or.kr/cms/resource/07/2876007_image2_1.jpg','http://tong.visitkorea.or.kr/cms/resource/07/2876007_image3_1.jpg',6,37.45758128750000000,128.06727818190000000,'','강원특별자치도 횡성군 수남로 386','',NULL,NULL),(179,2925292,'횡성축협 한우프라자 본점',39,32,18,'http://tong.visitkorea.or.kr/cms/resource/74/2925274_image2_1.jpg','http://tong.visitkorea.or.kr/cms/resource/74/2925274_image3_1.jpg',6,37.48387664030000000,127.98142127410000000,'','강원특별자치도 횡성군 횡성읍 횡성로 337','',NULL,NULL),(180,2774547,'횡성한우피아',39,32,18,'','',6,37.51134742410000000,128.22198484760000000,'','강원특별자치도 횡성군 둔내면 고원로 141','',NULL,NULL),(181,2819992,'효키',39,32,5,'','',6,38.20216310640000000,128.58417822020000000,'','강원특별자치도 속초시 수복로 139','',NULL,NULL),(182,2901475,'후동리닭갈비',39,32,13,'http://tong.visitkorea.or.kr/cms/resource/70/2901470_image2_1.jpg','http://tong.visitkorea.or.kr/cms/resource/70/2901470_image3_1.jpg',6,37.75454688880000000,127.62115986870000000,'','강원특별자치도 춘천시 소주고개로 181-6','',NULL,NULL),(183,2905294,'후포식당',39,32,5,'http://tong.visitkorea.or.kr/cms/resource/82/2905282_image2_1.jpg','http://tong.visitkorea.or.kr/cms/resource/82/2905282_image3_1.jpg',6,38.20102720900000000,128.58836676410000000,'','강원특별자치도 속초시 중앙로108번길 22-1','',NULL,NULL),(184,2891692,'훈이꽃게장',39,32,9,'http://tong.visitkorea.or.kr/cms/resource/87/2891687_image2_1.jpg','http://tong.visitkorea.or.kr/cms/resource/87/2891687_image3_1.jpg',6,37.35818613220000000,127.85968039310000000,'','강원특별자치도 원주시 조엄로 186','',NULL,NULL),(185,3452466,'휘낭소리',39,32,9,'http://tong.visitkorea.or.kr/cms/resource/07/3452107_image2_1.jpg','http://tong.visitkorea.or.kr/cms/resource/07/3452107_image3_1.jpg',6,37.31312571000000000,127.91570442430000000,'','강원특별자치도 원주시 북원로 1837 (무실동)','102호',NULL,NULL),(186,2777820,'휴먼뜰',39,32,15,'http://tong.visitkorea.or.kr/cms/resource/31/2777831_image2_1.jpg','http://tong.visitkorea.or.kr/cms/resource/31/2777831_image2_1.jpg',6,37.54763533000000000,128.39155180010000000,'','강원특별자치도 평창군 봉평면 금당계곡로 1713','',NULL,NULL),(187,2913318,'흰다정',39,32,5,'http://tong.visitkorea.or.kr/cms/resource/66/2919766_image2_1.jpg','http://tong.visitkorea.or.kr/cms/resource/66/2919766_image3_1.jpg',6,38.20936518580000000,128.59136900900000000,'','강원특별자치도 속초시 수복로 248','',NULL,NULL),(188,2406245,'힘력풍천장어',39,32,4,'http://tong.visitkorea.or.kr/cms/resource/18/2406218_image2_1.jpg','http://tong.visitkorea.or.kr/cms/resource/18/2406218_image2_1.jpg',6,37.44608166550000000,129.17794257090000000,'033-575-0592','강원특별자치도 삼척시 정상안길 96-18','',NULL,NULL),(189,2859307,'황제장어갈비',39,33,10,'http://tong.visitkorea.or.kr/cms/resource/03/2859303_image2_1.jpg','http://tong.visitkorea.or.kr/cms/resource/03/2859303_image3_1.jpg',6,36.60312738330000000,127.48681588800000000,'','충청북도 청주시 서원구 용평로93번길 57','',NULL,NULL),(190,1985391,'황할머니갈비찌개',39,33,10,'http://tong.visitkorea.or.kr/cms/resource/27/1982027_image2_1.jpg','http://tong.visitkorea.or.kr/cms/resource/27/1982027_image3_1.jpg',6,36.63076038440000000,127.49018426780000000,'043-222-9292','충청북도 청주시 상당구 남사로140번길 30','',NULL,NULL),(191,3082127,'화진담',39,34,12,'http://tong.visitkorea.or.kr/cms/resource/87/3082087_image2_1.jpg','http://tong.visitkorea.or.kr/cms/resource/87/3082087_image3_1.jpg',6,36.68441628890000000,127.07575336860000000,'','충청남도 천안시 동남구 광덕면 보산원2길 30-4','',NULL,NULL),(192,2913967,'황산항아리보쌈',39,34,3,'http://tong.visitkorea.or.kr/cms/resource/54/2913954_image2_1.jpg','http://tong.visitkorea.or.kr/cms/resource/54/2913954_image3_1.jpg',6,36.26785108940000000,127.12774882440000000,'','충청남도 논산시 노성면 읍내리 453-4','',NULL,NULL),(193,2856998,'흑고을',39,34,12,'http://tong.visitkorea.or.kr/cms/resource/85/2856985_image2_1.jpg','http://tong.visitkorea.or.kr/cms/resource/85/2856985_image3_1.jpg',6,36.80432619290000000,127.15918701990000000,'','충청남도 천안시 동남구 충절로 165','',NULL,NULL),(194,1817377,'e-민물장어 하우스',39,34,6,'','',6,36.30179314640000000,126.89510210030000000,'041-833-3900','충청남도 부여군 규암면 백제문로304번길 59-2','',NULL,NULL),(195,2831921,'화평대군 식당',39,35,15,'http://tong.visitkorea.or.kr/cms/resource/16/2831916_image2_1.jpg','http://tong.visitkorea.or.kr/cms/resource/16/2831916_image3_1.jpg',6,35.96314610740000000,128.92429221930000000,'','경상북도 영천시 최무선로 212','',NULL,NULL),(196,403868,'환여횟집',39,35,23,'http://tong.visitkorea.or.kr/cms/resource/88/3063888_image2_1.jpg','http://tong.visitkorea.or.kr/cms/resource/88/3063888_image3_1.jpg',6,36.06446278360000000,129.38407669070000000,'054-251-8847','경상북도 포항시 북구 해안로 189-1','',NULL,NULL),(197,2907360,'황남두꺼비식당',39,35,2,'http://tong.visitkorea.or.kr/cms/resource/54/2907354_image2_1.jpg','http://tong.visitkorea.or.kr/cms/resource/54/2907354_image3_1.jpg',6,35.83453547870000000,129.21094570110000000,'','경상북도 경주시 포석로1050번길 16','',NULL,NULL),(198,2902488,'황남밀면',39,35,2,'http://tong.visitkorea.or.kr/cms/resource/82/2902482_image2_1.jpg','http://tong.visitkorea.or.kr/cms/resource/82/2902482_image3_1.jpg',6,35.83605752460000000,129.21071234490000000,'','경상북도 경주시 포석로1068번길 12 황남동종합시장','바동 75호',NULL,NULL),(199,2808146,'황토골인삼불고기',39,35,14,'','',6,36.86867445360000000,128.53056219200000000,'','경상북도 영주시 기주로 46 황토골인삼불고기','',NULL,NULL),(200,1762129,'횡재먹거리한우',39,35,14,'','',6,36.88857236610000000,128.54082736110000000,'054-638-0094','경상북도 영주시 풍기읍 소백로 2156','',NULL,NULL),(201,2679234,'효자통닭',39,35,11,'http://tong.visitkorea.or.kr/cms/resource/33/2677733_image2_1.jpg','http://tong.visitkorea.or.kr/cms/resource/33/2677733_image2_1.jpg',6,36.56612371640000000,128.71892643480000000,'010-9642-4602','경상북도 안동시 당북길 54','',NULL,NULL),(202,2833994,'후포리백년식당',39,35,18,'http://tong.visitkorea.or.kr/cms/resource/84/2833984_image2_1.jpg','http://tong.visitkorea.or.kr/cms/resource/84/2833984_image3_1.jpg',6,36.68853792710000000,129.46494283580000000,'','경상북도 울진군 후포6길 159-1','1층',NULL,NULL),(203,2902567,'훌림목',39,35,2,'http://tong.visitkorea.or.kr/cms/resource/51/2902551_image2_1.jpg','http://tong.visitkorea.or.kr/cms/resource/51/2902551_image3_1.jpg',6,35.83589084880000000,129.20921248170000000,'','경상북도 경주시 포석로 1061-9','',NULL,NULL),(204,2900673,'희월재',39,35,7,'http://tong.visitkorea.or.kr/cms/resource/55/2900655_image2_1.jpg','http://tong.visitkorea.or.kr/cms/resource/55/2900655_image3_1.jpg',6,36.58741465820000000,128.21487623010000000,'','경상북도 문경시 영신영강길 34','',NULL,NULL),(205,2766635,'히어로플레이파크 경주점(경주히어로키즈파크)',39,35,2,'http://tong.visitkorea.or.kr/cms/resource/92/2766892_image2_1.jpg','http://tong.visitkorea.or.kr/cms/resource/92/2766892_image3_1.jpg',6,35.84144563980000000,129.20195462580000000,'','경상북도 경주시 강변로 200','(노서동)',NULL,NULL),(206,2816890,'히크닉',39,35,2,'','',6,35.83927101800000000,129.20898462670000000,'','경상북도 경주시 태종로 738-2','',NULL,NULL),(207,2914711,'화원삼계탕',39,36,13,'http://tong.visitkorea.or.kr/cms/resource/96/2914696_image2_1.jpg','http://tong.visitkorea.or.kr/cms/resource/96/2914696_image3_1.jpg',6,35.13566598170000000,128.09485430940000000,'','경상남도 진주시 대축길237번길 7-13','',NULL,NULL),(208,2577942,'황금고디탕',39,36,1,'','',6,34.86811559080000000,128.72507860780000000,'055-681-5684','경상남도 거제시 장승포로1길 11','',NULL,NULL),(209,2912673,'훈스시',39,36,1,'http://tong.visitkorea.or.kr/cms/resource/63/2912663_image2_1.jpg','http://tong.visitkorea.or.kr/cms/resource/63/2912663_image3_1.jpg',6,34.89334432870000000,128.62674482200000000,'','경상남도 거제시 중곡2로4길 23','',NULL,NULL),(210,2915940,'흰고래',39,36,1,'http://tong.visitkorea.or.kr/cms/resource/35/2915935_image2_1.jpg','http://tong.visitkorea.or.kr/cms/resource/35/2915935_image3_1.jpg',6,34.88826707390000000,128.62425350760000000,'','경상남도 거제시 거제중앙로 1904-10 (고현동)','',NULL,NULL),(211,2929401,'힙한식',39,36,5,'http://tong.visitkorea.or.kr/cms/resource/90/2929390_image2_1.jpg','http://tong.visitkorea.or.kr/cms/resource/90/2929390_image3_1.jpg',6,34.72873826330000000,128.03149265570000000,'','경상남도 남해군 동부대로 2','',NULL,NULL),(212,2823128,'효자동 마카롱',39,37,12,'','',6,35.82124873610000000,127.09750220920000000,'','전북특별자치도 전주시 완산구 마전들로 17','',NULL,NULL),(213,1598226,'효자문식당',39,37,12,'','',6,35.81959693360000000,127.14294820700000000,'063-284-4236','전북특별자치도 전주시 완산구 전주객사4길 43-24(고사동 378-5 효자문)','',NULL,NULL),(214,1592205,'후백제',39,37,9,'','',6,35.96939367560000000,126.97764791090000000,'063-833-3758','전북특별자치도 익산시 어곳2길 50','',NULL,NULL),(215,2852678,'황룡우시장국밥집',39,38,19,'http://tong.visitkorea.or.kr/cms/resource/71/2852671_image2_1.JPG','http://tong.visitkorea.or.kr/cms/resource/71/2852671_image3_1.JPG',6,35.28984510870000000,126.76993656980000000,'','전라남도 장성군 강변로 521-1','',NULL,NULL),(216,607857,'황토와참숯',39,38,24,'http://tong.visitkorea.or.kr/cms/resource/78/612678_image2_1.jpg','http://tong.visitkorea.or.kr/cms/resource/78/612678_image3_1.jpg',6,34.98497444470000000,126.96231884450000000,'061-373-5054','전라남도 화순군 능주면 학포로 1877','',NULL,NULL),(217,2866693,'효비초밥',39,38,6,'http://tong.visitkorea.or.kr/cms/resource/76/2866676_image2_1.jpg','http://tong.visitkorea.or.kr/cms/resource/76/2866676_image3_1.jpg',6,35.01780943290000000,126.78522254920000000,'','전라남도 나주시 문화로 216','도원주차빌딩 1층 158호',NULL,NULL),(218,2923969,'희망선어',39,38,13,'http://tong.visitkorea.or.kr/cms/resource/63/2923963_image2_1.jpg','http://tong.visitkorea.or.kr/cms/resource/63/2923963_image3_1.jpg',6,34.74051514320000000,127.73678198380000000,'','전라남도 여수시 동문로 10-10','',NULL,NULL),(219,2804378,'효은양갱',39,39,3,'','',6,33.25194888870000000,126.31452186180000000,'','제주특별자치도 서귀포시 안덕면 덕수회관로 14','',NULL,NULL),(220,2860575,'효퇴국수국밥',39,39,4,'http://tong.visitkorea.or.kr/cms/resource/62/2860562_image2_1.jpg','http://tong.visitkorea.or.kr/cms/resource/62/2860562_image3_1.jpg',6,33.50156619860000000,126.51961233000000000,'','제주특별자치도 제주시 서사로 122-1','',NULL,NULL),(221,2854417,'훈남횟집',39,39,4,'http://tong.visitkorea.or.kr/cms/resource/11/2854411_image2_1.jpg','http://tong.visitkorea.or.kr/cms/resource/11/2854411_image3_1.jpg',6,33.54212796760000000,126.66786518870000000,'','제주특별자치도 제주시 함덕13길 7','1층',NULL,NULL),(222,2811459,'훈데르트윈즈',39,39,4,'http://tong.visitkorea.or.kr/cms/resource/56/2811456_image2_1.jpg','http://tong.visitkorea.or.kr/cms/resource/56/2811456_image2_1.jpg',6,33.49211036150000000,126.95525807010000000,'','제주특별자치도 제주시 우도해안길 32-2','',NULL,NULL),(223,2785320,'휴일로 (휴일로카페)',39,39,3,'http://tong.visitkorea.or.kr/cms/resource/25/2785325_image2_1.jpg','http://tong.visitkorea.or.kr/cms/resource/25/2785325_image2_1.jpg',6,33.23241296860000000,126.36624836330000000,'','제주특별자치도 서귀포시 안덕면 난드르로 49-65','',NULL,NULL),(224,2657940,'흑돈향',39,39,3,'http://tong.visitkorea.or.kr/cms/resource/42/2657942_image2_1.jpg','http://tong.visitkorea.or.kr/cms/resource/42/2657942_image2_1.jpg',6,33.24474751220000000,126.52926173090000000,'064-739-5115','제주특별자치도 서귀포시 태평로 58','',NULL,NULL),(225,1018723,'흑돼지구이집 하영',39,39,3,'http://tong.visitkorea.or.kr/cms/resource/12/3477212_image2_1.jpg','http://tong.visitkorea.or.kr/cms/resource/12/3477212_image3_1.jpg',6,33.25507514870000000,126.41659626850000000,'064-738-6011','제주특별자치도 서귀포시 천제연로 101','',NULL,NULL),(226,2894407,'흑돼지해물삼합',39,39,3,'http://tong.visitkorea.or.kr/cms/resource/00/2894400_image2_1.jpg','http://tong.visitkorea.or.kr/cms/resource/00/2894400_image3_1.jpg',6,33.24568694860000000,126.57033037340000000,'','제주특별자치도 서귀포시 태평로482번길 50','',NULL,NULL),(227,2899428,'흑본오겹 함덕점',39,39,4,'http://tong.visitkorea.or.kr/cms/resource/16/2899416_image2_1.jpg','http://tong.visitkorea.or.kr/cms/resource/16/2899416_image3_1.jpg',6,33.54366931670000000,126.65872428130000000,'','제주특별자치도 제주시 신북로 454','',NULL,NULL);
/*!40000 ALTER TABLE `attractions` ENABLE KEYS */;
UNLOCK TABLES;

--
-- Table structure for table `boards`
--

DROP TABLE IF EXISTS `boards`;
/*!40101 SET @saved_cs_client     = @@character_set_client */;
/*!50503 SET character_set_client = utf8mb4 */;
CREATE TABLE `boards` (
  `id` int NOT NULL,
  `member_id` varchar(20) NOT NULL,
  `story_id` int DEFAULT NULL,
  `title` varchar(100) NOT NULL,
  `content` text,
  `hit` int DEFAULT '0',
  `created_at` datetime DEFAULT CURRENT_TIMESTAMP,
  `storybooks_id` int DEFAULT NULL,
  PRIMARY KEY (`id`),
  KEY `fk_boards_member_idx` (`member_id`),
  KEY `fk_boards_storybooks1_idx` (`storybooks_id`),
  CONSTRAINT `fk_boards_member` FOREIGN KEY (`member_id`) REFERENCES `members` (`id`) ON DELETE CASCADE,
  CONSTRAINT `fk_boards_storybooks1` FOREIGN KEY (`storybooks_id`) REFERENCES `storybooks` (`id`)
) ENGINE=InnoDB DEFAULT CHARSET=utf8mb4 COLLATE=utf8mb4_0900_ai_ci;
/*!40101 SET character_set_client = @saved_cs_client */;

--
-- Dumping data for table `boards`
--

LOCK TABLES `boards` WRITE;
/*!40000 ALTER TABLE `boards` DISABLE KEYS */;
INSERT INTO `boards` VALUES (1,'ssafy01',1,'경주 힐링 다녀왔어요','경주는 역시 힐링의 도시였습니다.',12,'2025-11-27 17:39:42',1),(2,'user02',2,'제주 맛집 총정리','흑돼지부터 해산물까지 완벽 후기입니다.',30,'2025-11-27 17:39:42',2),(3,'healing3',3,'전라도 감성 한 번 보세요','사진보다 실제가 훨씬 좋았습니다.',7,'2025-11-27 17:39:42',3),(4,'foodie4',4,'서울 카페 투어 리뷰','카페 로스터리 투어 기록입니다.',19,'2025-11-27 17:39:42',4),(5,'photo5',5,'강원도 눈오는 날','사진 위주로 올려봅니다.',4,'2025-11-27 17:39:42',5),(6,'admin01',6,'부산 일정 점검 공유','다음 운영 일정 공유합니다.',3,'2025-11-27 17:39:42',6);
/*!40000 ALTER TABLE `boards` ENABLE KEYS */;
UNLOCK TABLES;

--
-- Table structure for table `contenttypes`
--

DROP TABLE IF EXISTS `contenttypes`;
/*!40101 SET @saved_cs_client     = @@character_set_client */;
/*!50503 SET character_set_client = utf8mb4 */;
CREATE TABLE `contenttypes` (
  `id` int NOT NULL,
  `name` varchar(45) DEFAULT NULL,
  PRIMARY KEY (`id`)
) ENGINE=InnoDB DEFAULT CHARSET=utf8mb4 COLLATE=utf8mb4_0900_ai_ci;
/*!40101 SET character_set_client = @saved_cs_client */;

--
-- Dumping data for table `contenttypes`
--

LOCK TABLES `contenttypes` WRITE;
/*!40000 ALTER TABLE `contenttypes` DISABLE KEYS */;
INSERT INTO `contenttypes` VALUES (12,'관광지'),(14,'문화시설'),(15,'축제공연행사'),(25,'여행코스'),(28,'레포츠'),(32,'숙박'),(38,'쇼핑'),(39,'관광지');
/*!40000 ALTER TABLE `contenttypes` ENABLE KEYS */;
UNLOCK TABLES;

--
-- Table structure for table `feature_codes`
--

DROP TABLE IF EXISTS `feature_codes`;
/*!40101 SET @saved_cs_client     = @@character_set_client */;
/*!50503 SET character_set_client = utf8mb4 */;
CREATE TABLE `feature_codes` (
  `id` int NOT NULL,
  `name` varchar(100) DEFAULT NULL,
  PRIMARY KEY (`id`)
) ENGINE=InnoDB DEFAULT CHARSET=utf8mb4 COLLATE=utf8mb4_0900_ai_ci;
/*!40101 SET character_set_client = @saved_cs_client */;

--
-- Dumping data for table `feature_codes`
--

LOCK TABLES `feature_codes` WRITE;
/*!40000 ALTER TABLE `feature_codes` DISABLE KEYS */;
INSERT INTO `feature_codes` VALUES (1,'산책로가 잘 되어있어요'),(2,'관리가 잘 되어있어요'),(3,'반려동물과 가기 좋아요'),(4,'자연 경관이 좋아요'),(5,'사진이 잘 나와요'),(6,'뷰가 좋아요'),(7,'볼거리가 많아요'),(8,'방문객이 많아요'),(9,'붐비지 않아요'),(10,'피크닉하기 좋아요'),(11,'주차하기 편해요'),(12,'조용히 쉬기 좋아요'),(13,'규모가 커요'),(14,'화장실이 깨끗해요'),(15,'가격이 합리적이에요'),(16,'편의시설이 잘 되어있어요'),(17,'먹거리가 풍부해요'),(18,'친절해요'),(19,'아이와 가기 좋아요'),(20,'대중교통이 편해요'),(21,'근처에 갈 곳이 많아요'),(22,'컨셉이 독특해요'),(23,'시설이 깔끔해요'),(24,'휴게공간이 잘 되어있어요'),(25,'놀거리가 많아요'),(26,'부대시설이 잘 되어있어요'),(27,'수면실이 잘 되어있어요'),(28,'특이한 찜질방이 있어요'),(29,'오래 머무르기 좋아요'),(30,'탕이 넓어요'),(31,'탕 종류가 다양해요'),(32,'수질 관리가 잘돼요'),(33,'노천탕이 잘 되어있어요'),(34,'세신사의 실력이 좋아요'),(35,'인테리어가 멋져요'),(36,'품질이 좋아요'),(37,'스타일 추천을 잘해줘요'),(38,'종류가 다양해요'),(39,'가성비가 좋아요'),(40,'독특한 디자인이 많아요'),(41,'매장이 넓어요'),(42,'분위기가 편안해요'),(43,'A/S가 세심해요'),(44,'커피가 맛있어요'),(45,'매장이 청결해요'),(46,'음료가 맛있어요'),(47,'특별한 메뉴가 있어요'),(48,'디저트가 맛있어요'),(49,'대화하기 좋아요'),(50,'좌석이 편해요'),(51,'야외공간이 멋져요'),(52,'아늑해요'),(53,'집중하기 좋아요'),(54,'차분한 분위기예요'),(55,'건강한 맛이에요'),(56,'차가 맛있어요'),(57,'메뉴 구성이 알차요'),(58,'빵이 맛있어요'),(59,'선물하기 좋아요'),(60,'주문제작을 잘해줘요'),(61,'재료가 신선해요'),(62,'양이 많아요'),(63,'음악이 좋아요'),(64,'비싼 만큼 가치있어요'),(65,'특별한 날 가기 좋아요'),(66,'단체모임 하기 좋아요'),(67,'설명이 잘 되어있어요'),(68,'체험 프로그램이 다양해요'),(69,'전시 테마가 재밌어요'),(70,'전시 구성이 알차요'),(71,'공간이 넓어요'),(72,'유익해요'),(73,'경관이 독특해요'),(74,'음식이 맛있어요'),(75,'혼밥하기 좋아요'),(76,'반찬이 잘 나와요'),(77,'음식이 빨리 나와요'),(78,'포장이 깔끔해요'),(79,'샐러드바가 잘 되어있어요'),(80,'기본 안주가 좋아요'),(81,'향신료가 강하지 않아요'),(82,'깨끗해요'),(83,'호캉스하기 좋아요'),(84,'파티하기 좋아요'),(85,'방음이 잘돼요'),(86,'냉난방이 잘돼요'),(87,'특색 있는 제품이 많아요'),(88,'트렌디해요'),(89,'신상품이 많아요'),(90,'고급스러워요'),(91,'사이즈가 다양해요'),(92,'아기자기해요'),(93,'예쁜 소품이 많아요'),(94,'설명이 자세해요'),(95,'포장이 정성스러워요'),(96,'추천을 잘해줘요'),(97,'룸이 잘 되어있어요'),(98,'술이 다양해요'),(99,'혼술하기 좋아요'),(100,'화장실이 잘 되어있어요'),(101,'온수가 잘 나와요'),(102,'바비큐 해먹기 좋아요 '),(103,'물놀이하기 좋아요'),(104,'개수대가 잘 되어있어요'),(105,'침구가 좋아요'),(106,'전기 사용이 편해요'),(107,'벌레 걱정 없어요'),(108,'공용시설 관리가 잘돼요'),(109,'매너타임이 잘 지켜져요'),(110,'사이트 간격이 넓어요'),(111,'그늘이 많아요'),(112,'즐길 거리가 많아요'),(113,'취사시설이 잘 되어있어요'),(114,'마트 이용이 편해요'),(115,'고기 질이 좋아요'),(116,'현지 맛에 가까워요'),(117,'코스요리가 알차요'),(118,'잡내가 적어요'),(119,'직접 잘 구워줘요'),(120,'조식이 맛있어요'),(121,'수영장이 잘 되어있어요'),(122,'보안시설이 잘 되어있어요'),(123,'룸서비스가 잘 되어있어요'),(124,'스파하기 좋아요'),(125,'안전하게 관리해요'),(126,'샤워실이 잘 되어있어요'),(127,'물이 깨끗해요'),(128,'수업이 체계적이에요'),(129,'최신 장비를 사용해요'),(130,'픽업서비스가 편해요'),(131,'맞춤 수업을 잘해줘요'),(132,'초보자에게도 적합해요'),(133,'원데이 클래스가 알차요'),(134,'수업 시간이 충분해요'),(135,'부모도 쉬기 좋아요'),(136,'테마가 재미있어요'),(137,'체험 프로그램이 많아요'),(138,'수심이 다양해요'),(139,'야외에서 놀기 좋아요'),(140,'학생과 소통을 잘해요'),(141,'대여장비 상태가 좋아요'),(142,'물이 맑아요'),(143,'수상레저 즐기기 좋아요'),(144,'서핑하기 좋아요'),(145,'야경이 멋져요'),(146,'환기가 잘 돼요'),(147,'신기한 식물이 많아요'),(148,'코스가 재밌어요'),(149,'코스가 길어요'),(150,'대기시간이 짧아요'),(151,'필드 상태가 좋아요'),(152,'코스가 변별력 있어요'),(153,'예약 시간을 잘 지켜요'),(154,'클럽하우스가 잘 되어있어요'),(155,'캐디의 진행이 매끄러워요'),(156,'거리 측정을 잘해줘요'),(157,'그늘집이 잘 되어있어요'),(158,'슬로프가 길어요'),(159,'프로그램이 다양해요'),(160,'프로그램이 체계적이에요'),(161,'놀이기구가 다양해요'),(162,'물이 따뜻해요'),(163,'숙박하기 좋아요'),(164,'셔틀버스가 잘 되어있어요'),(165,'파티가 재밌어요'),(166,'어울려 놀기 좋아요'),(167,'모래가 고와요'),(168,'조명이 좋아요'),(169,'조용해요'),(170,'휴게시설이 잘 되어있어요'),(171,'개인 공간이 쾌적해요'),(172,'스피커 성능이 좋아요'),(173,'분위기 관리가 철저해요'),(174,'야시장이 잘 되어있어요'),(175,'대기공간이 잘 되어있어요'),(176,'코스가 다양해요'),(177,'시설이 깨끗해요'),(178,'탐방로가 잘 되어있어요'),(179,'물고기가 많이 잡혀요'),(180,'어종이 다양해요'),(181,'수질이 좋아요'),(182,'이벤트가 재밌어요'),(183,'강습 받기 좋아요'),(184,'말 교육이 잘 되어있어요'),(185,'물고기가 커요'),(186,'식당이 잘 되어있어요'),(187,'동물 관리가 잘 되어있어요'),(188,'복약지도를 잘해줘요'),(189,'제품 종류가 다양해요'),(190,'상담이 자세해요'),(191,'조제약 포장이 세심해요'),(192,'조제가 빨라요'),(193,'무대가 잘 보여요'),(194,'음향이 좋아요'),(195,'신선해요'),(196,'상품이 다양해요'),(197,'원산지 표시가 명확해요'),(198,'과일이 맛있어요'),(199,'제철 과일이 빨리 나와요'),(200,'배달 시스템이 편리해요'),(201,'검안이 꼼꼼해요'),(202,'할인/적립을 잘 챙겨줘요'),(203,'행사 상품이 다양해요'),(204,'과채가 신선해요'),(205,'즉석조리 식품이 맛있어요'),(206,'트렌디한 상품이 많아요'),(207,'택배 이용이 편리해요'),(208,'취식 공간이 잘 되어있어요'),(209,'즉석커피가 맛있어요');
/*!40000 ALTER TABLE `feature_codes` ENABLE KEYS */;
UNLOCK TABLES;

--
-- Table structure for table `guguns`
--

DROP TABLE IF EXISTS `guguns`;
/*!40101 SET @saved_cs_client     = @@character_set_client */;
/*!50503 SET character_set_client = utf8mb4 */;
CREATE TABLE `guguns` (
  `id` int NOT NULL,
  `sido_code` int NOT NULL,
  `gugun_code` int NOT NULL,
  `gugun_name` varchar(20) DEFAULT NULL,
  PRIMARY KEY (`id`),
  KEY `guguns_sido_to_sidos_code_fk_idx` (`sido_code`),
  KEY `gugun_code_idx` (`gugun_code`),
  CONSTRAINT `guguns_sido_to_sidos_code_fk` FOREIGN KEY (`sido_code`) REFERENCES `sidos` (`sido_code`)
) ENGINE=InnoDB DEFAULT CHARSET=utf8mb4 COLLATE=utf8mb4_0900_ai_ci;
/*!40101 SET character_set_client = @saved_cs_client */;

--
-- Dumping data for table `guguns`
--

LOCK TABLES `guguns` WRITE;
/*!40000 ALTER TABLE `guguns` DISABLE KEYS */;
INSERT INTO `guguns` VALUES (1,1,1,'강남구'),(2,1,2,'강동구'),(3,1,3,'강북구'),(4,1,4,'강서구'),(5,1,5,'관악구'),(6,1,6,'광진구'),(7,1,7,'구로구'),(8,1,8,'금천구'),(9,1,9,'노원구'),(10,1,10,'도봉구'),(11,1,11,'동대문구'),(12,1,12,'동작구'),(13,1,13,'마포구'),(14,1,14,'서대문구'),(15,1,15,'서초구'),(16,1,16,'성동구'),(17,1,17,'성북구'),(18,1,18,'송파구'),(19,1,19,'양천구'),(20,1,20,'영등포구'),(21,1,21,'용산구'),(22,1,22,'은평구'),(23,1,23,'종로구'),(24,1,24,'중구'),(25,1,25,'중랑구'),(26,2,1,'강화군'),(27,2,2,'계양구'),(28,2,3,'미추홀구'),(29,2,4,'남동구'),(30,2,5,'동구'),(31,2,6,'부평구'),(32,2,7,'서구'),(33,2,8,'연수구'),(34,2,9,'옹진군'),(35,2,10,'중구'),(36,3,1,'대덕구'),(37,3,2,'동구'),(38,3,3,'서구'),(39,3,4,'유성구'),(40,3,5,'중구'),(41,4,1,'남구'),(42,4,2,'달서구'),(43,4,3,'달성군'),(44,4,4,'동구'),(45,4,5,'북구'),(46,4,6,'서구'),(47,4,7,'수성구'),(48,4,8,'중구'),(49,4,9,'군위군'),(50,5,1,'광산구'),(51,5,2,'남구'),(52,5,3,'동구'),(53,5,4,'북구'),(54,5,5,'서구'),(55,6,1,'강서구'),(56,6,2,'금정구'),(57,6,3,'기장군'),(58,6,4,'남구'),(59,6,5,'동구'),(60,6,6,'동래구'),(61,6,7,'부산진구'),(62,6,8,'북구'),(63,6,9,'사상구'),(64,6,10,'사하구'),(65,6,11,'서구'),(66,6,12,'수영구'),(67,6,13,'연제구'),(68,6,14,'영도구'),(69,6,15,'중구'),(70,6,16,'해운대구'),(71,7,1,'중구'),(72,7,2,'남구'),(73,7,3,'동구'),(74,7,4,'북구'),(75,7,5,'울주군'),(76,8,1,'세종특별자치시'),(77,31,1,'가평군'),(78,31,2,'고양시'),(79,31,3,'과천시'),(80,31,4,'광명시'),(81,31,5,'광주시'),(82,31,6,'구리시'),(83,31,7,'군포시'),(84,31,8,'김포시'),(85,31,9,'남양주시'),(86,31,10,'동두천시'),(87,31,11,'부천시'),(88,31,12,'성남시'),(89,31,13,'수원시'),(90,31,14,'시흥시'),(91,31,15,'안산시'),(92,31,16,'안성시'),(93,31,17,'안양시'),(94,31,18,'양주시'),(95,31,19,'양평군'),(96,31,20,'여주시'),(97,31,21,'연천군'),(98,31,22,'오산시'),(99,31,23,'용인시'),(100,31,24,'의왕시'),(101,31,25,'의정부시'),(102,31,26,'이천시'),(103,31,27,'파주시'),(104,31,28,'평택시'),(105,31,29,'포천시'),(106,31,30,'하남시'),(107,31,31,'화성시'),(108,32,1,'강릉시'),(109,32,2,'고성군'),(110,32,3,'동해시'),(111,32,4,'삼척시'),(112,32,5,'속초시'),(113,32,6,'양구군'),(114,32,7,'양양군'),(115,32,8,'영월군'),(116,32,9,'원주시'),(117,32,10,'인제군'),(118,32,11,'정선군'),(119,32,12,'철원군'),(120,32,13,'춘천시'),(121,32,14,'태백시'),(122,32,15,'평창군'),(123,32,16,'홍천군'),(124,32,17,'화천군'),(125,32,18,'횡성군'),(126,33,1,'괴산군'),(127,33,2,'단양군'),(128,33,3,'보은군'),(129,33,4,'영동군'),(130,33,5,'옥천군'),(131,33,6,'음성군'),(132,33,7,'제천시'),(133,33,8,'진천군'),(134,33,9,'청원군'),(135,33,10,'청주시'),(136,33,11,'충주시'),(137,33,12,'증평군'),(138,34,1,'공주시'),(139,34,2,'금산군'),(140,34,3,'논산시'),(141,34,4,'당진시'),(142,34,5,'보령시'),(143,34,6,'부여군'),(144,34,7,'서산시'),(145,34,8,'서천군'),(146,34,9,'아산시'),(147,34,11,'예산군'),(148,34,12,'천안시'),(149,34,13,'청양군'),(150,34,14,'태안군'),(151,34,15,'홍성군'),(152,34,16,'계룡시'),(153,35,1,'경산시'),(154,35,2,'경주시'),(155,35,3,'고령군'),(156,35,4,'구미시'),(157,35,6,'김천시'),(158,35,7,'문경시'),(159,35,8,'봉화군'),(160,35,9,'상주시'),(161,35,10,'성주군'),(162,35,11,'안동시'),(163,35,12,'영덕군'),(164,35,13,'영양군'),(165,35,14,'영주시'),(166,35,15,'영천시'),(167,35,16,'예천군'),(168,35,17,'울릉군'),(169,35,18,'울진군'),(170,35,19,'의성군'),(171,35,20,'청도군'),(172,35,21,'청송군'),(173,35,22,'칠곡군'),(174,35,23,'포항시'),(175,36,1,'거제시'),(176,36,2,'거창군'),(177,36,3,'고성군'),(178,36,4,'김해시'),(179,36,5,'남해군'),(180,36,6,'마산시'),(181,36,7,'밀양시'),(182,36,8,'사천시'),(183,36,9,'산청군'),(184,36,10,'양산시'),(185,36,12,'의령군'),(186,36,13,'진주시'),(187,36,14,'진해시'),(188,36,15,'창녕군'),(189,36,16,'창원시'),(190,36,17,'통영시'),(191,36,18,'하동군'),(192,36,19,'함안군'),(193,36,20,'함양군'),(194,36,21,'합천군'),(195,37,1,'고창군'),(196,37,2,'군산시'),(197,37,3,'김제시'),(198,37,4,'남원시'),(199,37,5,'무주군'),(200,37,6,'부안군'),(201,37,7,'순창군'),(202,37,8,'완주군'),(203,37,9,'익산시'),(204,37,10,'임실군'),(205,37,11,'장수군'),(206,37,12,'전주시'),(207,37,13,'정읍시'),(208,37,14,'진안군'),(209,38,1,'강진군'),(210,38,2,'고흥군'),(211,38,3,'곡성군'),(212,38,4,'광양시'),(213,38,5,'구례군'),(214,38,6,'나주시'),(215,38,7,'담양군'),(216,38,8,'목포시'),(217,38,9,'무안군'),(218,38,10,'보성군'),(219,38,11,'순천시'),(220,38,12,'신안군'),(221,38,13,'여수시'),(222,38,16,'영광군'),(223,38,17,'영암군'),(224,38,18,'완도군'),(225,38,19,'장성군'),(226,38,20,'장흥군'),(227,38,21,'진도군'),(228,38,22,'함평군'),(229,38,23,'해남군'),(230,38,24,'화순군'),(231,39,1,'남제주군'),(232,39,2,'북제주군'),(233,39,3,'서귀포시'),(234,39,4,'제주시');
/*!40000 ALTER TABLE `guguns` ENABLE KEYS */;
UNLOCK TABLES;

--
-- Table structure for table `member_travel_types`
--

DROP TABLE IF EXISTS `member_travel_types`;
/*!40101 SET @saved_cs_client     = @@character_set_client */;
/*!50503 SET character_set_client = utf8mb4 */;
CREATE TABLE `member_travel_types` (
  `type_id` int NOT NULL AUTO_INCREMENT,
  `mbti_code` varchar(10) DEFAULT NULL,
  `keywords` varchar(200) DEFAULT NULL,
  `created_at` datetime DEFAULT CURRENT_TIMESTAMP,
  PRIMARY KEY (`type_id`)
) ENGINE=InnoDB DEFAULT CHARSET=utf8mb4 COLLATE=utf8mb4_0900_ai_ci;
/*!40101 SET character_set_client = @saved_cs_client */;

--
-- Dumping data for table `member_travel_types`
--

LOCK TABLES `member_travel_types` WRITE;
/*!40000 ALTER TABLE `member_travel_types` DISABLE KEYS */;
/*!40000 ALTER TABLE `member_travel_types` ENABLE KEYS */;
UNLOCK TABLES;

--
-- Table structure for table `members`
--

DROP TABLE IF EXISTS `members`;
/*!40101 SET @saved_cs_client     = @@character_set_client */;
/*!50503 SET character_set_client = utf8mb4 */;
CREATE TABLE `members` (
  `id` varchar(20) NOT NULL,
  `pw` varchar(1024) DEFAULT NULL,
  `name` varchar(45) DEFAULT NULL,
  `email` varchar(100) NOT NULL,
  `join_date` datetime DEFAULT CURRENT_TIMESTAMP,
  `role` enum('USER','ADMIN') DEFAULT 'USER',
  PRIMARY KEY (`id`)
) ENGINE=InnoDB DEFAULT CHARSET=utf8mb4 COLLATE=utf8mb4_0900_ai_ci;
/*!40101 SET character_set_client = @saved_cs_client */;

--
-- Dumping data for table `members`
--

LOCK TABLES `members` WRITE;
/*!40000 ALTER TABLE `members` DISABLE KEYS */;
INSERT INTO `members` VALUES ('admin01','1234','관리자','admin01@trip.com','2025-01-10 09:15:00','ADMIN'),('foodie4','1234','최맛집','foodie4@trip.com','2025-03-03 08:45:00','USER'),('healing3','1234','박여행','healing3@trip.com','2025-02-15 19:22:00','USER'),('photo5','1234','정사진','photo5@trip.com','2025-03-20 21:10:00','USER'),('ssafy01','1234','김싸피','ssafy01@trip.com','2025-01-12 14:30:00','USER'),('user02','1234','이주형','user02@trip.com','2025-02-01 11:05:00','USER');
/*!40000 ALTER TABLE `members` ENABLE KEYS */;
UNLOCK TABLES;

--
-- Table structure for table `plan_details`
--

DROP TABLE IF EXISTS `plan_details`;
/*!40101 SET @saved_cs_client     = @@character_set_client */;
/*!50503 SET character_set_client = utf8mb4 */;
CREATE TABLE `plan_details` (
  `id` int NOT NULL AUTO_INCREMENT,
  `plan_id` int NOT NULL,
  `attraction_id` int NOT NULL,
  `plan_date` int DEFAULT '1',
  `sequence` int DEFAULT '0',
  PRIMARY KEY (`id`),
  KEY `fk_plan_details_plan_idx` (`plan_id`),
  KEY `fk_plan_details_attraction_idx` (`attraction_id`),
  CONSTRAINT `fk_plan_details_attraction` FOREIGN KEY (`attraction_id`) REFERENCES `attractions` (`id`) ON DELETE CASCADE,
  CONSTRAINT `fk_plan_details_plan` FOREIGN KEY (`plan_id`) REFERENCES `plans` (`id`) ON DELETE CASCADE
) ENGINE=InnoDB AUTO_INCREMENT=25 DEFAULT CHARSET=utf8mb4 COLLATE=utf8mb4_0900_ai_ci;
/*!40101 SET character_set_client = @saved_cs_client */;

--
-- Dumping data for table `plan_details`
--

LOCK TABLES `plan_details` WRITE;
/*!40000 ALTER TABLE `plan_details` DISABLE KEYS */;
INSERT INTO `plan_details` VALUES (1,1,3,1,1),(2,1,7,1,2),(3,1,15,2,1),(4,1,22,2,2),(5,2,31,1,1),(6,2,35,1,2),(7,2,42,2,1),(8,2,48,2,2),(9,3,51,1,1),(10,3,57,1,2),(11,3,63,2,1),(12,3,69,3,1),(13,4,74,1,1),(14,4,81,1,2),(15,4,86,1,3),(16,4,93,2,1),(17,5,101,1,1),(18,5,108,2,1),(19,5,115,2,2),(20,5,123,3,1),(21,6,131,1,1),(22,6,144,1,2),(23,6,156,2,1),(24,6,167,2,2);
/*!40000 ALTER TABLE `plan_details` ENABLE KEYS */;
UNLOCK TABLES;

--
-- Table structure for table `plans`
--

DROP TABLE IF EXISTS `plans`;
/*!40101 SET @saved_cs_client     = @@character_set_client */;
/*!50503 SET character_set_client = utf8mb4 */;
CREATE TABLE `plans` (
  `id` int NOT NULL AUTO_INCREMENT,
  `member_id` varchar(20) NOT NULL,
  `title` varchar(100) NOT NULL,
  `start_date` date DEFAULT NULL,
  `end_date` date DEFAULT NULL,
  `description` varchar(1000) DEFAULT NULL,
  `created_at` datetime DEFAULT CURRENT_TIMESTAMP,
  PRIMARY KEY (`id`),
  KEY `fk_plans_member_idx` (`member_id`),
  CONSTRAINT `fk_plans_member` FOREIGN KEY (`member_id`) REFERENCES `members` (`id`) ON DELETE CASCADE
) ENGINE=InnoDB AUTO_INCREMENT=7 DEFAULT CHARSET=utf8mb4 COLLATE=utf8mb4_0900_ai_ci;
/*!40101 SET character_set_client = @saved_cs_client */;

--
-- Dumping data for table `plans`
--

LOCK TABLES `plans` WRITE;
/*!40000 ALTER TABLE `plans` DISABLE KEYS */;
INSERT INTO `plans` VALUES (1,'ssafy01','경주 힐링 여행','2025-04-12','2025-04-14','경주 중심 힐링 일정','2025-11-27 17:32:25'),(2,'user02','제주도 맛집 투어','2025-03-20','2025-03-23','식도락 중심 여행','2025-11-27 17:32:25'),(3,'healing3','전라도 감성 여행','2025-05-02','2025-05-05','여유와 풍경 위주 여행','2025-11-27 17:32:25'),(4,'foodie4','서울 카페 투어','2025-04-01','2025-04-02','핫플 카페 위주 일정','2025-11-27 17:32:25'),(5,'photo5','강원도 사진 여행','2025-06-10','2025-06-13','풍경 촬영 중심 일정','2025-11-27 17:32:25'),(6,'admin01','부산 일정 점검','2025-02-10','2025-02-11','관리자 테스트 일정','2025-11-27 17:32:25');
/*!40000 ALTER TABLE `plans` ENABLE KEYS */;
UNLOCK TABLES;

--
-- Table structure for table `sidos`
--

DROP TABLE IF EXISTS `sidos`;
/*!40101 SET @saved_cs_client     = @@character_set_client */;
/*!50503 SET character_set_client = utf8mb4 */;
CREATE TABLE `sidos` (
  `id` int NOT NULL,
  `sido_code` int NOT NULL COMMENT '시도코드',
  `sido_name` varchar(20) DEFAULT NULL COMMENT '시도명',
  PRIMARY KEY (`id`),
  UNIQUE KEY `sido_code_UNIQUE` (`sido_code`)
) ENGINE=InnoDB DEFAULT CHARSET=utf8mb4 COLLATE=utf8mb4_0900_ai_ci;
/*!40101 SET character_set_client = @saved_cs_client */;

--
-- Dumping data for table `sidos`
--

LOCK TABLES `sidos` WRITE;
/*!40000 ALTER TABLE `sidos` DISABLE KEYS */;
INSERT INTO `sidos` VALUES (1,1,'서울'),(2,2,'인천'),(3,3,'대전'),(4,4,'대구'),(5,5,'광주'),(6,6,'부산'),(7,7,'울산'),(8,8,'세종특별자치시'),(9,31,'경기도'),(10,32,'강원특별자치도'),(11,33,'충청북도'),(12,34,'충청남도'),(13,35,'경상북도'),(14,36,'경상남도'),(15,37,'전북특별자치도'),(16,38,'전라남도'),(17,39,'제주도');
/*!40000 ALTER TABLE `sidos` ENABLE KEYS */;
UNLOCK TABLES;

--
-- Table structure for table `story_pages`
--

DROP TABLE IF EXISTS `story_pages`;
/*!40101 SET @saved_cs_client     = @@character_set_client */;
/*!50503 SET character_set_client = utf8mb4 */;
CREATE TABLE `story_pages` (
  `id` int NOT NULL,
  `story_id` int NOT NULL,
  `attraction_id` int NOT NULL,
  `image_path` varchar(300) DEFAULT NULL,
  `user_memo` text,
  `ai_generated_text` text,
  `page_order` int NOT NULL,
  PRIMARY KEY (`id`),
  KEY `fk_story_pages_story_idx` (`story_id`),
  KEY `fk_story_pages_attraction_idx` (`attraction_id`),
  CONSTRAINT `fk_story_pages_attraction` FOREIGN KEY (`attraction_id`) REFERENCES `attractions` (`id`),
  CONSTRAINT `fk_story_pages_story` FOREIGN KEY (`story_id`) REFERENCES `storybooks` (`id`) ON DELETE CASCADE
) ENGINE=InnoDB DEFAULT CHARSET=utf8mb4 COLLATE=utf8mb4_0900_ai_ci;
/*!40101 SET character_set_client = @saved_cs_client */;

--
-- Dumping data for table `story_pages`
--

LOCK TABLES `story_pages` WRITE;
/*!40000 ALTER TABLE `story_pages` DISABLE KEYS */;
/*!40000 ALTER TABLE `story_pages` ENABLE KEYS */;
UNLOCK TABLES;

--
-- Table structure for table `storybooks`
--

DROP TABLE IF EXISTS `storybooks`;
/*!40101 SET @saved_cs_client     = @@character_set_client */;
/*!50503 SET character_set_client = utf8mb4 */;
CREATE TABLE `storybooks` (
  `id` int NOT NULL AUTO_INCREMENT,
  `member_id` varchar(20) NOT NULL,
  `title` varchar(200) NOT NULL,
  `created_at` datetime DEFAULT CURRENT_TIMESTAMP,
  `hit` int DEFAULT '0',
  `is_public` char(1) DEFAULT 'N',
  `thumbnail_path` varchar(300) DEFAULT NULL,
  `plan_id` int NOT NULL,
  PRIMARY KEY (`id`),
  KEY `fk_stories_member_idx` (`member_id`),
  KEY `fk_storybooks_plans1_idx` (`plan_id`),
  CONSTRAINT `fk_stories_member` FOREIGN KEY (`member_id`) REFERENCES `members` (`id`) ON DELETE CASCADE,
  CONSTRAINT `fk_storybooks_plans1` FOREIGN KEY (`plan_id`) REFERENCES `plans` (`id`)
) ENGINE=InnoDB AUTO_INCREMENT=7 DEFAULT CHARSET=utf8mb4 COLLATE=utf8mb4_0900_ai_ci;
/*!40101 SET character_set_client = @saved_cs_client */;

--
-- Dumping data for table `storybooks`
--

LOCK TABLES `storybooks` WRITE;
/*!40000 ALTER TABLE `storybooks` DISABLE KEYS */;
INSERT INTO `storybooks` VALUES (1,'ssafy01','경주 힐링 스토리북','2025-11-27 17:39:36',23,'Y','/thumbs/story_001.jpg',1),(2,'user02','제주 맛있는 하루 스토리북','2025-11-27 17:39:36',41,'Y','/thumbs/story_002.jpg',2),(3,'healing3','전라도 감성 여행 스토리북','2025-11-27 17:39:36',12,'N','/thumbs/story_003.jpg',3),(4,'foodie4','서울 카페 투어 스토리북','2025-11-27 17:39:36',35,'Y','/thumbs/story_004.jpg',4),(5,'photo5','강원도 사진 여행 스토리북','2025-11-27 17:39:36',8,'N','/thumbs/story_005.jpg',5),(6,'admin01','부산 일정 점검 스토리북','2025-11-27 17:39:36',5,'Y','/thumbs/story_006.jpg',6);
/*!40000 ALTER TABLE `storybooks` ENABLE KEYS */;
UNLOCK TABLES;

--
-- Table structure for table `survey`
--

DROP TABLE IF EXISTS `survey`;
/*!40101 SET @saved_cs_client     = @@character_set_client */;
/*!50503 SET character_set_client = utf8mb4 */;
CREATE TABLE `survey` (
  `id` int NOT NULL COMMENT '문항 ID',
  `question` varchar(100) NOT NULL COMMENT '질문 내용',
  `type` varchar(10) NOT NULL COMMENT '대분류,중분류 구분',
  `parent_id` int DEFAULT NULL COMMENT '부모 문항 ID',
  PRIMARY KEY (`id`),
  KEY `fk_survey_parent` (`parent_id`),
  CONSTRAINT `fk_survey_parent` FOREIGN KEY (`parent_id`) REFERENCES `survey` (`id`) ON DELETE CASCADE
) ENGINE=InnoDB DEFAULT CHARSET=utf8mb4 COLLATE=utf8mb4_0900_ai_ci;
/*!40101 SET character_set_client = @saved_cs_client */;

--
-- Dumping data for table `survey`
--

LOCK TABLES `survey` WRITE;
/*!40000 ALTER TABLE `survey` DISABLE KEYS */;
INSERT INTO `survey` VALUES (1,'레포츠','KMEANS',NULL),(2,'걷는걸 좋아하시나요?','SVD',1),(3,'식도락','KMEANS',NULL),(4,'걷는걸 좋아하시나요?','SVD',3);
/*!40000 ALTER TABLE `survey` ENABLE KEYS */;
UNLOCK TABLES;

--
-- Table structure for table `survey_feature_weight`
--

DROP TABLE IF EXISTS `survey_feature_weight`;
/*!40101 SET @saved_cs_client     = @@character_set_client */;
/*!50503 SET character_set_client = utf8mb4 */;
CREATE TABLE `survey_feature_weight` (
  `survey_id` int NOT NULL COMMENT '설문 문항 ID',
  `attraction_features_id` int NOT NULL COMMENT '관광지-특징 매핑 ID',
  `weight` decimal(6,3) NOT NULL DEFAULT '0.000' COMMENT '가중치',
  PRIMARY KEY (`survey_id`,`attraction_features_id`),
  KEY `fk_sfw_attraction_features` (`attraction_features_id`),
  CONSTRAINT `fk_sfw_attraction_features` FOREIGN KEY (`attraction_features_id`) REFERENCES `attraction_features` (`id`) ON DELETE CASCADE,
  CONSTRAINT `fk_sfw_survey` FOREIGN KEY (`survey_id`) REFERENCES `survey` (`id`) ON DELETE CASCADE
) ENGINE=InnoDB DEFAULT CHARSET=utf8mb4 COLLATE=utf8mb4_0900_ai_ci;
/*!40101 SET character_set_client = @saved_cs_client */;

--
-- Dumping data for table `survey_feature_weight`
--

LOCK TABLES `survey_feature_weight` WRITE;
/*!40000 ALTER TABLE `survey_feature_weight` DISABLE KEYS */;
INSERT INTO `survey_feature_weight` VALUES (2,1,0.400),(2,4,0.300),(2,178,0.300),(4,17,0.500),(4,47,0.300),(4,62,0.200);
/*!40000 ALTER TABLE `survey_feature_weight` ENABLE KEYS */;
UNLOCK TABLES;
/*!40103 SET TIME_ZONE=@OLD_TIME_ZONE */;

/*!40101 SET SQL_MODE=@OLD_SQL_MODE */;
/*!40014 SET FOREIGN_KEY_CHECKS=@OLD_FOREIGN_KEY_CHECKS */;
/*!40014 SET UNIQUE_CHECKS=@OLD_UNIQUE_CHECKS */;
/*!40101 SET CHARACTER_SET_CLIENT=@OLD_CHARACTER_SET_CLIENT */;
/*!40101 SET CHARACTER_SET_RESULTS=@OLD_CHARACTER_SET_RESULTS */;
/*!40101 SET COLLATION_CONNECTION=@OLD_COLLATION_CONNECTION */;
/*!40111 SET SQL_NOTES=@OLD_SQL_NOTES */;

-- Dump completed on 2025-12-01 23:49:10
